group_source	address	target_guid	target_paths	labels
Assets/AddressableAssetsData/AssetGroups/Scenes.asset	Scenes/Slab_21	009b7f340f490834c9725685aa4f3142	"[""Assets/Scenes/Hornet/Slab_21.unity""]"	[]
Assets/AddressableAssetsData/AssetGroups/Scenes.asset	Scenes/Dock_06_Church	018a117684be3ad4db26d6f05eb35391	"[""Assets/Scenes/Hornet/Dock_06_Church.unity""]"	[]
Assets/AddressableAssetsData/AssetGroups/Scenes.asset	Scenes/Library_03	01bbfb53da560164bbe45a77698fd8b4	"[""Assets/Scenes/Hornet/Library_03.unity""]"	[]
Assets/AddressableAssetsData/AssetGroups/Scenes.asset	Scenes/Greymoor_11	02130807ddb27f84b83d172e088f0943	"[""Assets/Scenes/Hornet/Greymoor_11.unity""]"	[]
Assets/AddressableAssetsData/AssetGroups/Scenes.asset	Scenes/Bone_08	02c6462b106c1be4e8f14ac55c547080	"[""Assets/Scenes/Hornet/Bone_08.unity""]"	[]
Assets/AddressableAssetsData/AssetGroups/Scenes.asset	Scenes/Memory_Ant_Queen	0348cc5a90d125440aae705e91477cdc	"[""Assets/Scenes/Hornet/Memory_Ant_Queen.unity""]"	[]
Assets/AddressableAssetsData/AssetGroups/Scenes.asset	Scenes/Dust_Maze_07	0380f99d86f556a4e8c642f931fa6d10	"[""Assets/Scenes/Hornet/Dust_Maze_07.unity""]"	[]
Assets/AddressableAssetsData/AssetGroups/Scenes.asset	Scenes/Weave_07	046e4fc7adb030344ab3ddbba8197a25	"[""Assets/Scenes/Hornet/Weave_07.unity""]"	[]
Assets/AddressableAssetsData/AssetGroups/Scenes.asset	Scenes/Room_Forge	069d58faa86c6674eb481867e93285df	"[""Assets/Scenes/Hornet/Room_Forge.unity""]"	[]
Assets/AddressableAssetsData/AssetGroups/Scenes.asset	Scenes/Cradle_02b	07a97fb103b914a47819973b749ec513	"[""Assets/Scenes/Hornet/Cradle_02b.unity""]"	[]
Assets/AddressableAssetsData/AssetGroups/Scenes.asset	Scenes/Under_08	07f6cd7ecc0a44445afa2f44934b2451	"[""Assets/Scenes/Hornet/Under_08.unity""]"	[]
Assets/AddressableAssetsData/AssetGroups/Scenes.asset	Scenes/Clover_05c	0803de41eed74aa40872dd3d17795c1e	"[""Assets/Scenes/Hornet/Clover_05c.unity""]"	[]
Assets/AddressableAssetsData/AssetGroups/Scenes.asset	Scenes/Shadow_08	088a10a624dccff47a0c0f0204d32c63	"[""Assets/Scenes/Hornet/Shadow_08.unity""]"	[]
Assets/AddressableAssetsData/AssetGroups/Scenes.asset	Scenes/Hang_14	0974cefe2962c6f48bb7e94cfa0b50af	"[""Assets/Scenes/Hornet/Hang_14.unity""]"	[]
Assets/AddressableAssetsData/AssetGroups/Scenes.asset	Scenes/Song_Enclave_Tube	0b778f61731ba7241ab3c20bc92cede3	"[""Assets/Scenes/Hornet/Song_Enclave_Tube.unity""]"	[]
Assets/AddressableAssetsData/AssetGroups/Scenes.asset	Scenes/Bellshrine	0b8a2c10dda9a7a4da11db02c4c349aa	"[""Assets/Scenes/Hornet/Bellshrine.unity""]"	[]
Assets/AddressableAssetsData/AssetGroups/Scenes.asset	Scenes/Bone_East_Umbrella	0bde1cd327a912e43904b30022e256cd	"[""Assets/Scenes/Hornet/Bone_East_Umbrella.unity""]"	[]
Assets/AddressableAssetsData/AssetGroups/Scenes.asset	Scenes/Library_15	0be6da79076631d43a83b92ccda2356d	"[""Assets/Scenes/Hornet/Library_15.unity""]"	[]
Assets/AddressableAssetsData/AssetGroups/Scenes.asset	Scenes/Hang_09	0bf1759d104899a4a94e38f7f0016b86	"[""Assets/Scenes/Hornet/Hang_09.unity""]"	[]
Assets/AddressableAssetsData/AssetGroups/Scenes.asset	Scenes/Ant_05b	0c44e0b973e823846854cd421340d84c	"[""Assets/Scenes/Hornet/Ant_05b.unity""]"	[]
Assets/AddressableAssetsData/AssetGroups/Scenes.asset	Scenes/Bone_East_24	0c4ef70d8061720479ce751e89887491	"[""Assets/Scenes/Hornet/Bone_East_24.unity""]"	[]
Assets/AddressableAssetsData/AssetGroups/Scenes.asset	Scenes/Weave_14	0c6da735bc356454197c7efa256a9c9d	"[""Assets/Scenes/Hornet/Weave_14.unity""]"	[]
Assets/AddressableAssetsData/AssetGroups/Scenes.asset	Scenes/Shadow_26	0cc61d0c3299da048ae2aff43fd9780b	"[""Assets/Scenes/Hornet/Shadow_26.unity""]"	[]
Assets/AddressableAssetsData/AssetGroups/Scenes.asset	Scenes/Cog_04	0e5e346fa3b40d1459a267390e84f561	"[""Assets/Scenes/Hornet/Cog_04.unity""]"	[]
Assets/AddressableAssetsData/AssetGroups/Scenes.asset	Scenes/Bone_East_18b	0e646c0903000d5488ee7dfcddd81609	"[""Assets/Scenes/Hornet/Bone_East_18b.unity""]"	[]
Assets/AddressableAssetsData/AssetGroups/Scenes.asset	Scenes/Peak_04	0f0af89ba106f7c419a5e603f4e0a2f6	"[""Assets/Scenes/Hornet/Peak_04.unity""]"	[]
Assets/AddressableAssetsData/AssetGroups/Scenes.asset	Scenes/Slab_18	0fae0ae3883ab704181cb152da81d4e2	"[""Assets/Scenes/Hornet/Slab_18.unity""]"	[]
Assets/AddressableAssetsData/AssetGroups/Scenes.asset	Scenes/Shellwood_04c	0fd2dcf96dd56834e8513e15d3d686af	"[""Assets/Scenes/Hornet/Shellwood_04c.unity""]"	[]
Assets/AddressableAssetsData/AssetGroups/Scenes.asset	Scenes/Shellwood_01b	0fdf8532f40fe0a409241150a06cd484	"[""Assets/Scenes/Hornet/Shellwood_01b.unity""]"	[]
Assets/AddressableAssetsData/AssetGroups/Scenes.asset	Scenes/Abandoned_town	0fe7cf4e2ac786d498fc84379dc2b610	"[""Assets/Scenes/Hornet/Abandoned_town.unity""]"	[]
Assets/AddressableAssetsData/AssetGroups/Scenes.asset	Scenes/Dust_Maze_02	10236563bcba48d488a06155b395442d	"[""Assets/Scenes/Hornet/Dust_Maze_02.unity""]"	[]
Assets/AddressableAssetsData/AssetGroups/Scenes.asset	Scenes/Slab_16b	10c927cc3cff49643ae903a7ea1f9f89	"[""Assets/Scenes/Hornet/Slab_16b.unity""]"	[]
Assets/AddressableAssetsData/AssetGroups/Scenes.asset	Scenes/Bone_East_02	11069659e75ff124c966effdab38a1c3	"[""Assets/Scenes/Hornet/Bone_East_02.unity""]"	[]
Assets/AddressableAssetsData/AssetGroups/Scenes.asset	Scenes/Under_21	11711e14649463447876098ef944921e	"[""Assets/Scenes/Hornet/Under_21.unity""]"	[]
Assets/AddressableAssetsData/AssetGroups/Scenes.asset	Scenes/Weave_05b	1187a5cd2329b364fa9d81d5479c1820	"[""Assets/Scenes/Hornet/Weave_05b.unity""]"	[]
Assets/AddressableAssetsData/AssetGroups/Scenes.asset	Scenes/Bone_East_20	11dd4a23db3bdc6498bfc8e12d39d34b	"[""Assets/Scenes/Hornet/Bone_East_20.unity""]"	[]
Assets/AddressableAssetsData/AssetGroups/Scenes.asset	Scenes/Arborium_06	120cb06dd58be5f49a8b55a27c46490e	"[""Assets/Scenes/Hornet/Arborium_06.unity""]"	[]
Assets/AddressableAssetsData/AssetGroups/Scenes.asset	Scenes/Room_Caravan_Spa	12d8d0b183112664ea4f1f6dae79b4e1	"[""Assets/Scenes/Hornet/Room_Caravan_Spa.unity""]"	[]
Assets/AddressableAssetsData/AssetGroups/Scenes.asset	Scenes/Memory_Needolin	13126b5cdcf46d24799fadbce3c66bd6	"[""Assets/Scenes/Hornet/Memory_Needolin.unity""]"	[]
Assets/AddressableAssetsData/AssetGroups/Scenes.asset	Scenes/Bone_East_12	1318c36cae474d542828a0f64d83a364	"[""Assets/Scenes/Hornet/Bone_East_12.unity""]"	[]
Assets/AddressableAssetsData/AssetGroups/Scenes.asset	Scenes/Cog_Pass	133ddc48e24572b48aec86f3dd124666	"[""Assets/Scenes/Hornet/Cog_Pass.unity""]"	[]
Assets/AddressableAssetsData/AssetGroups/Scenes.asset	Scenes/Last_Dive_Return	1352ee6ec3495ae48ad73142004f44a4	"[""Assets/Scenes/Hornet/Last_Dive_Return.unity""]"	[]
Assets/AddressableAssetsData/AssetGroups/Scenes.asset	Scenes/Memory_Silk_Heart_LaceTower	13b7224b10bda3c48b48decb4300615c	"[""Assets/Scenes/Hornet/Memory_Silk_Heart_LaceTower.unity""]"	[]
Assets/AddressableAssetsData/AssetGroups/Scenes.asset	Scenes/Ant_21	1410e28d912747f48ba9120fc182ad03	"[""Assets/Scenes/Hornet/Ant_21.unity""]"	[]
Assets/AddressableAssetsData/AssetGroups/Scenes.asset	Scenes/Chapel_Wanderer	14927f22e4ae6034aa3529832c6e63f1	"[""Assets/Scenes/Hornet/Chapel_Wanderer.unity""]"	[]
Assets/AddressableAssetsData/AssetGroups/Scenes.asset	Scenes/Wisp_08	14a19d6fa5b31ba4e9e75166ba064416	"[""Assets/Scenes/Hornet/Wisp_08.unity""]"	[]
Assets/AddressableAssetsData/AssetGroups/Scenes.asset	Scenes/Cog_Dancers_boss	14b7809587fd129438061d31867d6975	"[""Assets/Scenes/Hornet/Cog_Dancers_boss.unity""]"	[]
Assets/AddressableAssetsData/AssetGroups/Scenes.asset	Scenes/Hang_15	15b5f54f15625b54d98d1ec190bbcdfd	"[""Assets/Scenes/Hornet/Hang_15.unity""]"	[]
Assets/AddressableAssetsData/AssetGroups/Scenes.asset	Scenes/Belltown_Room_shellwood	15f811151436262439f4c9a80a8ab556	"[""Assets/Scenes/Hornet/Belltown_Room_shellwood.unity""]"	[]
Assets/AddressableAssetsData/AssetGroups/Scenes.asset	Scenes/Slab_15	16174c4dca449054bbde6b4fad9cd60b	"[""Assets/Scenes/Hornet/Slab_15.unity""]"	[]
Assets/AddressableAssetsData/AssetGroups/Scenes.asset	Scenes/Arborium_03	169b19ed8b0c10a418f56803ab9a535b	"[""Assets/Scenes/Hornet/Arborium_03.unity""]"	[]
Assets/AddressableAssetsData/AssetGroups/Scenes.asset	Scenes/Song_27	170a25078e1bb5f4ebec2d36d705451a	"[""Assets/Scenes/Hornet/Song_27.unity""]"	[]
Assets/AddressableAssetsData/AssetGroups/Scenes.asset	Scenes/Dock_16	17275548cf5433b44a33c277f5120f6d	"[""Assets/Scenes/Hornet/Dock_16.unity""]"	[]
Assets/AddressableAssetsData/AssetGroups/Scenes.asset	Scenes/Greymoor_24	1783cbe782f2f484b865505967c5796f	"[""Assets/Scenes/Hornet/Greymoor_24.unity""]"	[]
Assets/AddressableAssetsData/AssetGroups/Scenes.asset	Scenes/Under_03c	17fa8ac9de2b6f04c9c296fbc394ba36	"[""Assets/Scenes/Hornet/Under_03c.unity""]"	[]
Assets/AddressableAssetsData/AssetGroups/Scenes.asset	Scenes/Bone_East_01	1839adfba1a1daa47a453695e4fcd665	"[""Assets/Scenes/Hornet/Bone_East_01.unity""]"	[]
Assets/AddressableAssetsData/AssetGroups/Scenes.asset	Scenes/Shadow_09	187d36c7cb2c2f143918357fd1d421fb	"[""Assets/Scenes/Hornet/Shadow_09.unity""]"	[]
Assets/AddressableAssetsData/AssetGroups/Scenes.asset	Scenes/Clover_02c	18dbf6aa26216f748b483db1e478bad5	"[""Assets/Scenes/Hornet/Clover_02c.unity""]"	[]
Assets/AddressableAssetsData/AssetGroups/Scenes.asset	Scenes/Shellwood_25b	18fe091e87eae194393145390d2b481d	"[""Assets/Scenes/Hornet/Shellwood_25b.unity""]"	[]
Assets/AddressableAssetsData/AssetGroups/Scenes.asset	Scenes/Slab_17	1972381de35bc124bac5229630f85c95	"[""Assets/Scenes/Hornet/Slab_17.unity""]"	[]
Assets/AddressableAssetsData/AssetGroups/Scenes.asset	Scenes/Bone_10	1a012e8038ce2364f82f4db590c0a334	"[""Assets/Scenes/Hornet/Bone_10.unity""]"	[]
Assets/AddressableAssetsData/AssetGroups/Scenes.asset	Scenes/Under_07	1a11bfc0a3225cc46957d19270487eaa	"[""Assets/Scenes/Hornet/Under_07.unity""]"	[]
Assets/AddressableAssetsData/AssetGroups/Scenes.asset	Scenes/Room_Diving_Bell_Abyss	1a62c6bb15d55054f9cfebc7c7a037a2	"[""Assets/Scenes/Hornet/Room_Diving_Bell_Abyss.unity""]"	[]
Assets/AddressableAssetsData/AssetGroups/Scenes.asset	Scenes/Song_25	1a67139b2a532034c86d57277f1cfb82	"[""Assets/Scenes/Hornet/Song_25.unity""]"	[]
Assets/AddressableAssetsData/AssetGroups/Scenes.asset	Scenes/Under_01	1a7865ae4c0d495479a863e77ea424a8	"[""Assets/Scenes/Hornet/Under_01.unity""]"	[]
Assets/AddressableAssetsData/AssetGroups/Scenes.asset	Scenes/Weave_10	1a7bbb2bc6b05f74aac758ce49e349d8	"[""Assets/Scenes/Hornet/Weave_10.unity""]"	[]
Assets/AddressableAssetsData/AssetGroups/Scenes.asset	Scenes/Cog_Bench	1b24a976ed0080d46b85df8e98386232	"[""Assets/Scenes/Hornet/Cog_Bench.unity""]"	[]
Assets/AddressableAssetsData/AssetGroups/Scenes.asset	Scenes/Hang_04_boss	1b5805ff1c33d4547b55eb179c66d4cc	"[""Assets/Scenes/Hornet/Hang_04_boss.unity""]"	[]
Assets/AddressableAssetsData/AssetGroups/Scenes.asset	Scenes/Shellwood_15	1bad2ecaaf8e27b45a08fcff45af0a32	"[""Assets/Scenes/Hornet/Shellwood_15.unity""]"	[]
Assets/AddressableAssetsData/AssetGroups/Scenes.asset	Scenes/Ward_02b	1bd48870f33b76f4fad5c726d12f3adb	"[""Assets/Scenes/Hornet/Ward_02b.unity""]"	[]
Assets/AddressableAssetsData/AssetGroups/Scenes.asset	Scenes/Belltown_Room_doctor	1c9b1075cb5c0b14dbe19cd7af6dbe03	"[""Assets/Scenes/Hornet/Belltown_Room_doctor.unity""]"	[]
Assets/AddressableAssetsData/AssetGroups/Scenes.asset	Scenes/Library_13	1c9c6e139a20fd94eabe7e9db01751d7	"[""Assets/Scenes/Hornet/Library_13.unity""]"	[]
Assets/AddressableAssetsData/AssetGroups/Scenes.asset	Scenes/Song_13	1c9c95a88cf579c4aa2e1506e6fbcd4a	"[""Assets/Scenes/Hornet/Song_13.unity""]"	[]
Assets/AddressableAssetsData/AssetGroups/Scenes.asset	Scenes/Greymoor_05_boss	1ca6e217e4cc21e4786dd3a9e867258d	"[""Assets/Scenes/Hornet/Greymoor_05_boss.unity""]"	[]
Assets/AddressableAssetsData/AssetGroups/Scenes.asset	Scenes/Library_11b	1cf7f68ca50559f4bbd8747740a0cd85	"[""Assets/Scenes/Hornet/Library_11b.unity""]"	[]
Assets/AddressableAssetsData/AssetGroups/Scenes.asset	Scenes/Hang_06b	1d4724445e973b342805545ac082ef3f	"[""Assets/Scenes/Hornet/Hang_06b.unity""]"	[]
Assets/AddressableAssetsData/AssetGroups/Scenes.asset	Scenes/Bone_06	1d5204b9b12faee4884efe99f965fcc9	"[""Assets/Scenes/Hornet/Bone_06.unity""]"	[]
Assets/AddressableAssetsData/AssetGroups/Scenes.asset	Scenes/Shellwood_11b	1d6e2d4489f80a44f99869fffdbf13de	"[""Assets/Scenes/Hornet/Shellwood_11b.unity""]"	[]
Assets/AddressableAssetsData/AssetGroups/Scenes.asset	Scenes/Opening_Sequence	1ddc3233d0e0def4aa8a54e3e14041ae	"[""Assets/Scenes/Opening_Sequence.unity""]"	[]
Assets/AddressableAssetsData/AssetGroups/Scenes.asset	Scenes/Bonetown	1ddf2f633b871fe4e981c1ca65c88958	"[""Assets/Scenes/Hornet/Bonetown.unity""]"	[]
Assets/AddressableAssetsData/AssetGroups/Scenes.asset	Scenes/Aqueduct_01	1e261fb32d0dbcd469aafbe4293f242b	"[""Assets/Scenes/Hornet/Aqueduct_01.unity""]"	[]
Assets/AddressableAssetsData/AssetGroups/Scenes.asset	Scenes/Coral_42	1ef462dc8aa47244498979168254cfe3	"[""Assets/Scenes/Hornet/Coral_42.unity""]"	[]
Assets/AddressableAssetsData/AssetGroups/Scenes.asset	Scenes/Cradle_03_Destroyed	203d2572f8fee1e4e957585306344796	"[""Assets/Scenes/Hornet/Cradle_03_Destroyed.unity""]"	[]
Assets/AddressableAssetsData/AssetGroups/Scenes.asset	Scenes/Peak_04c	204bb60646e69ef4ea08c3d5835e086f	"[""Assets/Scenes/Hornet/Peak_04c.unity""]"	[]
Assets/AddressableAssetsData/AssetGroups/Scenes.asset	Scenes/Coral_32	20e8f999e916dab438a0cd695dcaa2a9	"[""Assets/Scenes/Hornet/Coral_32.unity""]"	[]
Assets/AddressableAssetsData/AssetGroups/Scenes.asset	Scenes/Song_11	21972de5db6eca749bdbc0ceee919c8b	"[""Assets/Scenes/Hornet/Song_11.unity""]"	[]
Assets/AddressableAssetsData/AssetGroups/Scenes.asset	Scenes/Aqueduct_04	21a4d7d0a9b701f4cac4803f27824a31	"[""Assets/Scenes/Hornet/Aqueduct_04.unity""]"	[]
Assets/AddressableAssetsData/AssetGroups/Scenes.asset	Scenes/Belltown_Room_pinsmith	21ac3b982009cd0418bcba97b5463285	"[""Assets/Scenes/Hornet/Belltown_Room_pinsmith.unity""]"	[]
Assets/AddressableAssetsData/AssetGroups/Scenes.asset	Scenes/Opening_Sequence_Act3	220d58333848a884dbb89cac87c92303	"[""Assets/Scenes/Opening_Sequence_Act3.unity""]"	[]
Assets/AddressableAssetsData/AssetGroups/Scenes.asset	Scenes/Bellshrine_Enclave	221eb6eaf211da149ae86c235f14bfd8	"[""Assets/Scenes/Hornet/Bellshrine_Enclave.unity""]"	[]
Assets/AddressableAssetsData/AssetGroups/Scenes.asset	Scenes/Slab_12	224c399714b6ce64c96aad317c0196d8	"[""Assets/Scenes/Hornet/Slab_12.unity""]"	[]
Assets/AddressableAssetsData/AssetGroups/Scenes.asset	Scenes/Hang_16	2281121460cb315438f29ab835485485	"[""Assets/Scenes/Hornet/Hang_16.unity""]"	[]
Assets/AddressableAssetsData/AssetGroups/Scenes.asset	Scenes/Cog_05	22d45695b5e76ac4699cdc8e06cc7f61	"[""Assets/Scenes/Hornet/Cog_05.unity""]"	[]
Assets/AddressableAssetsData/AssetGroups/Scenes.asset	Scenes/Coral_41	23789dcbe59fe974c992257b02cc5c8b	"[""Assets/Scenes/Hornet/Coral_41.unity""]"	[]
Assets/AddressableAssetsData/AssetGroups/Scenes.asset	Scenes/Ant_04_left	2414af7febde1784099b379e3a53f642	"[""Assets/Scenes/Hornet/Ant_04_left.unity""]"	[]
Assets/AddressableAssetsData/AssetGroups/Scenes.asset	Scenes/Bellway_Shadow	2437dd82f167eb649a2325d86065ba30	"[""Assets/Scenes/Hornet/Bellway_Shadow.unity""]"	[]
Assets/AddressableAssetsData/AssetGroups/Scenes.asset	Scenes/Clover_21	2481d25da9332fa4cb0257bdba1ae7c7	"[""Assets/Scenes/Hornet/Clover_21.unity""]"	[]
Assets/AddressableAssetsData/AssetGroups/Scenes.asset	Scenes/Shellwood_01	24a3359a7d0fff34096207ff6f8868ce	"[""Assets/Scenes/Hornet/Shellwood_01.unity""]"	[]
Assets/AddressableAssetsData/AssetGroups/Scenes.asset	Scenes/Bone_09	24e14a261733ee74bb46557bfc06854d	"[""Assets/Scenes/Hornet/Bone_09.unity""]"	[]
Assets/AddressableAssetsData/AssetGroups/Scenes.asset	Scenes/Cradle_01_Destroyed	24f3cfd562c489f4b9ae91ad63adb07a	"[""Assets/Scenes/Hornet/Cradle_01_Destroyed.unity""]"	[]
Assets/AddressableAssetsData/AssetGroups/Scenes.asset	Scenes/Song_08	24f9441fa83b00241af5564e951f219f	"[""Assets/Scenes/Hornet/Song_08.unity""]"	[]
Assets/AddressableAssetsData/AssetGroups/Scenes.asset	Scenes/Crawl_05	26038a6867b695f4f998f4554a113bc1	"[""Assets/Scenes/Hornet/Crawl_05.unity""]"	[]
Assets/AddressableAssetsData/AssetGroups/Scenes.asset	Scenes/Dock_13	266e8f6ae986f88458510f73879237bc	"[""Assets/Scenes/Hornet/Dock_13.unity""]"	[]
Assets/AddressableAssetsData/AssetGroups/Scenes.asset	Scenes/Bellway_08	26d84866e4de6924a97388530d876bf6	"[""Assets/Scenes/Hornet/Bellway_08.unity""]"	[]
Assets/AddressableAssetsData/AssetGroups/Scenes.asset	Scenes/Shadow_05	275d2893246d6674ea965d62c5e4381b	"[""Assets/Scenes/Hornet/Shadow_05.unity""]"	[]
Assets/AddressableAssetsData/AssetGroups/Scenes.asset	Scenes/Song_09b	27632c6a52627ca4bbade5ff88228333	"[""Assets/Scenes/Hornet/Song_09b.unity""]"	[]
Assets/AddressableAssetsData/AssetGroups/Scenes.asset	Scenes/Ward_07	2863b63ff03acc8469ccf3332c8024b8	"[""Assets/Scenes/Hornet/Ward_07.unity""]"	[]
Assets/AddressableAssetsData/AssetGroups/Scenes.asset	Scenes/Shadow_16	28fe71b63814ad5408a54b731e7e9a04	"[""Assets/Scenes/Hornet/Shadow_16.unity""]"	[]
Assets/AddressableAssetsData/AssetGroups/Scenes.asset	Scenes/Shadow_04b	2905928b0ad88134989a48bd1ee180bd	"[""Assets/Scenes/Hornet/Shadow_04b.unity""]"	[]
Assets/AddressableAssetsData/AssetGroups/Scenes.asset	Scenes/Bone_15	296af1c0ed903a84c88384f286a15be9	"[""Assets/Scenes/Hornet/Bone_15.unity""]"	[]
Assets/AddressableAssetsData/AssetGroups/Scenes.asset	Scenes/Coral_39	2a08ee51fca1e474caca5a03ef71ea23	"[""Assets/Scenes/Hornet/Coral_39.unity""]"	[]
Assets/AddressableAssetsData/AssetGroups/Scenes.asset	Scenes/Song_Tower_Destroyed	2ad3a9a9ff663294587e8864ec93090e	"[""Assets/Scenes/Hornet/Song_Tower_Destroyed.unity""]"	[]
Assets/AddressableAssetsData/AssetGroups/Scenes.asset	Scenes/Belltown_07	2bc5fcd19605a2146b6a0ce58080dc92	"[""Assets/Scenes/Hornet/Belltown_07.unity""]"	[]
Assets/AddressableAssetsData/AssetGroups/Scenes.asset	Scenes/Ant_04_mid	2c68057e010014341a412ed260724d28	"[""Assets/Scenes/Hornet/Ant_04_mid.unity""]"	[]
Assets/AddressableAssetsData/AssetGroups/Scenes.asset	Scenes/Last_Dive	2ca61b27d443f034690bb922aac5a3c6	"[""Assets/Scenes/Hornet/Last_Dive.unity""]"	[]
Assets/AddressableAssetsData/AssetGroups/Scenes.asset	Scenes/Weave_04	2cb6683ed9ccbbe4aad61f65038c4a49	"[""Assets/Scenes/Hornet/Weave_04.unity""]"	[]
Assets/AddressableAssetsData/AssetGroups/Scenes.asset	Scenes/Wisp_04	2cdc3c4e572694946917ecad9d886281	"[""Assets/Scenes/Hornet/Wisp_04.unity""]"	[]
Assets/AddressableAssetsData/AssetGroups/Scenes.asset	Scenes/Bone_East_10	2d6ed884281b5e24fa62b48401c7d7d0	"[""Assets/Scenes/Hornet/Bone_East_10.unity""]"	[]
Assets/AddressableAssetsData/AssetGroups/Scenes.asset	Scenes/Cog_08	2e83e2677bea6d0479ebf9ea55712d31	"[""Assets/Scenes/Hornet/Cog_08.unity""]"	[]
Assets/AddressableAssetsData/AssetGroups/Scenes.asset	Scenes/Shadow_03	2e9ecb939f4311944b3e52580b5db6e8	"[""Assets/Scenes/Hornet/Shadow_03.unity""]"	[]
Assets/AddressableAssetsData/AssetGroups/Scenes.asset	Scenes/Coral_28	2edae7615a378a74492b81429a318965	"[""Assets/Scenes/Hornet/Coral_28.unity""]"	[]
Assets/AddressableAssetsData/AssetGroups/Scenes.asset	Scenes/Under_06	30ca5970bc4c01b459f6bc1bdb3fce19	"[""Assets/Scenes/Hornet/Under_06.unity""]"	[]
Assets/AddressableAssetsData/AssetGroups/Scenes.asset	Scenes/Shadow_13	30dc5f2d9ea9b5646aed1ac7824baab8	"[""Assets/Scenes/Hornet/Shadow_13.unity""]"	[]
Assets/AddressableAssetsData/AssetGroups/Scenes.asset	Scenes/Song_10	31295ac823901414ba3349d02052dd3c	"[""Assets/Scenes/Hornet/Song_10.unity""]"	[]
Assets/AddressableAssetsData/AssetGroups/Scenes.asset	Scenes/Slab_Cell_Creature	32b6bab1b24802e478346a27fed844cc	"[""Assets/Scenes/Hornet/Slab_Cell_Creature.unity""]"	[]
Assets/AddressableAssetsData/AssetGroups/Scenes.asset	Scenes/Song_26	338aaff2d587aab41ba1043381dca57f	"[""Assets/Scenes/Hornet/Song_26.unity""]"	[]
Assets/AddressableAssetsData/AssetGroups/Scenes.asset	Scenes/Cog_06	33c41cb3cfeb00444876ead0830e2bfc	"[""Assets/Scenes/Hornet/Cog_06.unity""]"	[]
Assets/AddressableAssetsData/AssetGroups/Scenes.asset	Scenes/Shellwood_04b	343bd5ad1070bf24cbffd5a73763b9ac	"[""Assets/Scenes/Hornet/Shellwood_04b.unity""]"	[]
Assets/AddressableAssetsData/AssetGroups/Scenes.asset	Scenes/Bone_East_08	349026eaad3860d47aa7bb6e6ed8255a	"[""Assets/Scenes/Hornet/Bone_East_08.unity""]"	[]
Assets/AddressableAssetsData/AssetGroups/Scenes.asset	Scenes/Crawl_03b	34c5ba9e97643e4449328f14a44655b7	"[""Assets/Scenes/Hornet/Crawl_03b.unity""]"	[]
Assets/AddressableAssetsData/AssetGroups/Scenes.asset	Scenes/Belltown_basement	3538192e81a58da4cbf801224d401507	"[""Assets/Scenes/Hornet/Belltown_basement.unity""]"	[]
Assets/AddressableAssetsData/AssetGroups/Scenes.asset	Scenes/Cog_09	354db34ddbe94784ab3bcc2f3956955c	"[""Assets/Scenes/Hornet/Cog_09.unity""]"	[]
Assets/AddressableAssetsData/AssetGroups/Scenes.asset	Scenes/Bellway_Peak	361b94b665f553f429d77f98ec923ec5	"[""Assets/Scenes/Hornet/Bellway_Peak.unity""]"	[]
Assets/AddressableAssetsData/AssetGroups/Scenes.asset	Scenes/Abyss_12	363c7fbccad88aa4598973b49e7ebee9	"[""Assets/Scenes/Hornet/Abyss_12.unity""]"	[]
Assets/AddressableAssetsData/AssetGroups/Scenes.asset	Scenes/Bone_East_11	36c5cce3b50dd6e4aa2a6e6a9634e9be	"[""Assets/Scenes/Hornet/Bone_East_11.unity""]"	[]
Assets/AddressableAssetsData/AssetGroups/Scenes.asset	Scenes/Crawl_02	37674f63d6b2d8743a431c90ba633a4e	"[""Assets/Scenes/Hornet/Crawl_02.unity""]"	[]
Assets/AddressableAssetsData/AssetGroups/Scenes.asset	Scenes/Peak_05e	37ce494f9c047934ba49b97911c27c66	"[""Assets/Scenes/Hornet/Peak_05e.unity""]"	[]
Assets/AddressableAssetsData/AssetGroups/Scenes.asset	Scenes/Song_28	37d28009c1bc06846b7f142e5be01670	"[""Assets/Scenes/Hornet/Song_28.unity""]"	[]
Assets/AddressableAssetsData/AssetGroups/Scenes.asset	Scenes/Shellwood_02	38543fcbd9846234fa4de3b9f4ee52e9	"[""Assets/Scenes/Hornet/Shellwood_02.unity""]"	[]
Assets/AddressableAssetsData/AssetGroups/Scenes.asset	Scenes/Crawl_06	389ed1195c6455f4c98031f39b061296	"[""Assets/Scenes/Hornet/Crawl_06.unity""]"	[]
Assets/AddressableAssetsData/AssetGroups/Scenes.asset	Scenes/Dust_Maze_08_completed	393808b3c4fa53f43a0a6b7041238268	"[""Assets/Scenes/Hornet/Dust_Maze_08_completed.unity""]"	[]
Assets/AddressableAssetsData/AssetGroups/Scenes.asset	Scenes/Ward_02_boss	395675bf7096fd2418b0130bbd8df271	"[""Assets/Scenes/Hornet/Ward_02_boss.unity""]"	[]
Assets/AddressableAssetsData/AssetGroups/Scenes.asset	Scenes/Under_01b	39ce433a72a337e4f9cf2bca7f4aa8cf	"[""Assets/Scenes/Hornet/Under_01b.unity""]"	[]
Assets/AddressableAssetsData/AssetGroups/Scenes.asset	Scenes/Ward_02	3ac71e728534c0b4ea27546e70c6593c	"[""Assets/Scenes/Hornet/Ward_02.unity""]"	[]
Assets/AddressableAssetsData/AssetGroups/Scenes.asset	Scenes/Song_01	3d42a8a75a9682e41a9f783918d04dbe	"[""Assets/Scenes/Hornet/Song_01.unity""]"	[]
Assets/AddressableAssetsData/AssetGroups/Scenes.asset	Scenes/Weave_13	3d87abfee3c06674a87b595bf5b9b8c2	"[""Assets/Scenes/Hornet/Weave_13.unity""]"	[]
Assets/AddressableAssetsData/AssetGroups/Scenes.asset	Scenes/Song_03	3d8cfa936c445844f84c256fdd99498a	"[""Assets/Scenes/Hornet/Song_03.unity""]"	[]
Assets/AddressableAssetsData/AssetGroups/Scenes.asset	Scenes/Slab_20	3df6581a41af24643863b374d7117650	"[""Assets/Scenes/Hornet/Slab_20.unity""]"	[]
Assets/AddressableAssetsData/AssetGroups/Scenes.asset	Scenes/Greymoor_12	3e92ff609a158474fbc4f921ae8f9300	"[""Assets/Scenes/Hornet/Greymoor_12.unity""]"	[]
Assets/AddressableAssetsData/AssetGroups/Scenes.asset	Scenes/Belltown_Room_Spare	3e9cd676451d73e49b68aca895e0feaf	"[""Assets/Scenes/Hornet/Belltown_Room_Spare.unity""]"	[]
Assets/AddressableAssetsData/AssetGroups/Scenes.asset	Scenes/End_Credits_Scroll	3efde47f396c7354f88a2df1483b59b5	"[""Assets/Scenes/Hornet/End_Credits_Scroll.unity""]"	[]
Assets/AddressableAssetsData/AssetGroups/Scenes.asset	Scenes/Clover_04b	3f26003ff05d55745bbb95004ce3e73b	"[""Assets/Scenes/Hornet/Clover_04b.unity""]"	[]
Assets/AddressableAssetsData/AssetGroups/Scenes.asset	Scenes/Peak_06	3f2892d51ccca444294db2dde32b8517	"[""Assets/Scenes/Hornet/Peak_06.unity""]"	[]
Assets/AddressableAssetsData/AssetGroups/Scenes.asset	Scenes/Cog_Dancers	3fda234f80123134092a08dcc0edd30d	"[""Assets/Scenes/Hornet/Cog_Dancers.unity""]"	[]
Assets/AddressableAssetsData/AssetGroups/Scenes.asset	Scenes/Bellway_02_boss	402ae9c981c68184b92c18de45cef65f	"[""Assets/Scenes/Hornet/Bellway_02_boss.unity""]"	[]
Assets/AddressableAssetsData/AssetGroups/Scenes.asset	Scenes/Peak_05d	40cfaa6bb989ea544998bf44641a2d56	"[""Assets/Scenes/Hornet/Peak_05d.unity""]"	[]
Assets/AddressableAssetsData/AssetGroups/Scenes.asset	Scenes/Memory_Silk_Heart_BellBeast	41c81d4b4badc56429a1913f64f76bf8	"[""Assets/Scenes/Hornet/Memory_Silk_Heart_BellBeast.unity""]"	[]
Assets/AddressableAssetsData/AssetGroups/Scenes.asset	Scenes/Arborium_09	41ee438c53780a447a89a8da2a8aac98	"[""Assets/Scenes/Hornet/Arborium_09.unity""]"	[]
Assets/AddressableAssetsData/AssetGroups/Scenes.asset	Scenes/Sprintmaster_Cave	42be667e27f3c4e489bc59f1ff59a2a4	"[""Assets/Scenes/Hornet/Sprintmaster_Cave.unity""]"	[]
Assets/AddressableAssetsData/AssetGroups/Scenes.asset	Scenes/Wisp_06	4355c085301cf89469bb565a4d0bc611	"[""Assets/Scenes/Hornet/Wisp_06.unity""]"	[]
Assets/AddressableAssetsData/AssetGroups/Scenes.asset	Scenes/Dust_Maze_Last_Hall	437a25cd66fe4fb4e97af42f83e297b7	"[""Assets/Scenes/Hornet/Dust_Maze_Last_Hall.unity""]"	[]
Assets/AddressableAssetsData/AssetGroups/Scenes.asset	Scenes/Under_03b	43d95e79a87eb9a4db665976110902e0	"[""Assets/Scenes/Hornet/Under_03b.unity""]"	[]
Assets/AddressableAssetsData/AssetGroups/Scenes.asset	Scenes/Greymoor_13	4470a1619d277b24a89fe1679377f62d	"[""Assets/Scenes/Hornet/Greymoor_13.unity""]"	[]
Assets/AddressableAssetsData/AssetGroups/Scenes.asset	Scenes/Under_04	44bbb4f5aa3e93949b724ea1ca3e4ac1	"[""Assets/Scenes/Hornet/Under_04.unity""]"	[]
Assets/AddressableAssetsData/AssetGroups/Scenes.asset	Scenes/Cradle_01	44c05abe4240dd24b8929c572b8fa7c4	"[""Assets/Scenes/Hornet/Cradle_01.unity""]"	[]
Assets/AddressableAssetsData/AssetGroups/Scenes.asset	Scenes/Coral_35	4520e67522e94a045bc3dc660179ec6d	"[""Assets/Scenes/Hornet/Coral_35.unity""]"	[]
Assets/AddressableAssetsData/AssetGroups/Scenes.asset	Scenes/Ant_08	4613f67a5e71566478c81224b2fdea85	"[""Assets/Scenes/Hornet/Ant_08.unity""]"	[]
Assets/AddressableAssetsData/AssetGroups/Scenes.asset	Scenes/Shadow_28	461736e0e2a2925488097fb76cef3ff9	"[""Assets/Scenes/Hornet/Shadow_28.unity""]"	[]
Assets/AddressableAssetsData/AssetGroups/Scenes.asset	Scenes/Bonegrave	48aabc01efb4699458abea10bc04b78a	"[""Assets/Scenes/Hornet/Bonegrave.unity""]"	[]
Assets/AddressableAssetsData/AssetGroups/Scenes.asset	Scenes/Clover_10	48ac7273cee2e894e93eba304a50f2a9	"[""Assets/Scenes/Hornet/Clover_10.unity""]"	[]
Assets/AddressableAssetsData/AssetGroups/Scenes.asset	Scenes/Shadow_12	48c22eefa75cf534394ea0200e910790	"[""Assets/Scenes/Hornet/Shadow_12.unity""]"	[]
Assets/AddressableAssetsData/AssetGroups/Scenes.asset	Scenes/Peak_02	48f4d14ba7a0cb1469994048fc163b9e	"[""Assets/Scenes/Hornet/Peak_02.unity""]"	[]
Assets/AddressableAssetsData/AssetGroups/Scenes.asset	Scenes/Shellwood_08c	492788455fa3ee34f951104a104812ff	"[""Assets/Scenes/Hornet/Shellwood_08c.unity""]"	[]
Assets/AddressableAssetsData/AssetGroups/Scenes.asset	Scenes/Under_19b	4a0f05de8e396d646becb5dfc2f935b0	"[""Assets/Scenes/Hornet/Under_19b.unity""]"	[]
Assets/AddressableAssetsData/AssetGroups/Scenes.asset	Scenes/Weave_11	4a357a742c2a21e4eac4a5b0372f13c8	"[""Assets/Scenes/Hornet/Weave_11.unity""]"	[]
Assets/AddressableAssetsData/AssetGroups/Scenes.asset	Scenes/Dust_12	4bc282bdd393c6c44b5e9d11bdda7e81	"[""Assets/Scenes/Hornet/Dust_12.unity""]"	[]
Assets/AddressableAssetsData/AssetGroups/Scenes.asset	Scenes/Song_14	4c417d03d4b0994409890b4c19656192	"[""Assets/Scenes/Hornet/Song_14.unity""]"	[]
Assets/AddressableAssetsData/AssetGroups/Scenes.asset	Scenes/Crawl_03	4c50d3c10050cc946b5201dbc28dbec0	"[""Assets/Scenes/Hornet/Crawl_03.unity""]"	[]
Assets/AddressableAssetsData/AssetGroups/Scenes.asset	Scenes/Greymoor_02	4c5ea4b61b6505c419b04756413caafc	"[""Assets/Scenes/Hornet/Greymoor_02.unity""]"	[]
Assets/AddressableAssetsData/AssetGroups/Scenes.asset	Scenes/Weave_02	4d02e64137defd640bd4b54d022202cf	"[""Assets/Scenes/Hornet/Weave_02.unity""]"	[]
Assets/AddressableAssetsData/AssetGroups/Scenes.asset	Scenes/Shellwood_25	4d3da5fdb064f744a9909165ce5b8e9e	"[""Assets/Scenes/Hornet/Shellwood_25.unity""]"	[]
Assets/AddressableAssetsData/AssetGroups/Scenes.asset	Scenes/Bellway_Aqueduct	4d41b0f5d0a9fcf46acf75819eaf7e35	"[""Assets/Scenes/Hornet/Bellway_Aqueduct.unity""]"	[]
Assets/AddressableAssetsData/AssetGroups/Scenes.asset	Scenes/Coral_27	4f1b5f1239c29e5428beb4837821fa59	"[""Assets/Scenes/Hornet/Coral_27.unity""]"	[]
Assets/AddressableAssetsData/AssetGroups/Scenes.asset	Scenes/Crawl_01	4f3d5b2b6f5d7c4458150a946fec343d	"[""Assets/Scenes/Hornet/Crawl_01.unity""]"	[]
Assets/AddressableAssetsData/AssetGroups/Scenes.asset	Scenes/Ant_17	4f45c9bfa67f1d542814a5d7c3f8313d	"[""Assets/Scenes/Hornet/Ant_17.unity""]"	[]
Assets/AddressableAssetsData/AssetGroups/Scenes.asset	Scenes/Ant_02	4f4bb8f27de20384fa94038287759030	"[""Assets/Scenes/Hornet/Ant_02.unity""]"	[]
Assets/AddressableAssetsData/AssetGroups/Scenes.asset	Scenes/Weave_03	4f8957023c8bece419d349573c865a5d	"[""Assets/Scenes/Hornet/Weave_03.unity""]"	[]
Assets/AddressableAssetsData/AssetGroups/Scenes.asset	Scenes/Bone_05_boss	4fa19ec23fb8f4f43a186363b0a9130b	"[""Assets/Scenes/Hornet/Bone_05_boss.unity""]"	[]
Assets/AddressableAssetsData/AssetGroups/Scenes.asset	Scenes/Dust_05	4fc58b1625f30544c9a58b875011d781	"[""Assets/Scenes/Hornet/Dust_05.unity""]"	[]
Assets/AddressableAssetsData/AssetGroups/Scenes.asset	Scenes/Abyss_02	4fccc7637f934584d983970eccbaa550	"[""Assets/Scenes/Hornet/Abyss_02.unity""]"	[]
Assets/AddressableAssetsData/AssetGroups/Scenes.asset	Scenes/Mosstown_03	4fe2b898e3349734e943b9331da221ab	"[""Assets/Scenes/Hornet/Mosstown_03.unity""]"	[]
Assets/AddressableAssetsData/AssetGroups/Scenes.asset	Scenes/Ant_03	50bfa07cf4d42c14bad7088383bc71a5	"[""Assets/Scenes/Hornet/Ant_03.unity""]"	[]
Assets/AddressableAssetsData/AssetGroups/Scenes.asset	Scenes/Memory_First_Sinner	51143de96233f764ab2c405b3dd429a7	"[""Assets/Scenes/Hornet/Memory_First_Sinner.unity""]"	[]
Assets/AddressableAssetsData/AssetGroups/Scenes.asset	Scenes/Greymoor_16	511a096fc2205054792c864a892a3d18	"[""Assets/Scenes/Hornet/Greymoor_16.unity""]"	[]
Assets/AddressableAssetsData/AssetGroups/Scenes.asset	Scenes/Hang_06	512e2a27d43c46549aa6da397f7b2dce	"[""Assets/Scenes/Hornet/Hang_06.unity""]"	[]
Assets/AddressableAssetsData/AssetGroups/Scenes.asset	Scenes/Slab_10b	513086976be691b438b37a4fc04b4661	"[""Assets/Scenes/Hornet/Slab_10b.unity""]"	[]
Assets/AddressableAssetsData/AssetGroups/Scenes.asset	Scenes/Crawl_10	5160b9759cbbf19498f54d281764b533	"[""Assets/Scenes/Hornet/Crawl_10.unity""]"	[]
Assets/AddressableAssetsData/AssetGroups/Scenes.asset	Scenes/Cinematic_Ending_C	51892a6cbf1f06d489b6c6c1b2f90f73	"[""Assets/Scenes/Cinematic_Ending_C.unity""]"	[]
Assets/AddressableAssetsData/AssetGroups/Scenes.asset	Scenes/Crawl_08	527b1d9fe7f5a964fb8eb8f8f7a23677	"[""Assets/Scenes/Hornet/Crawl_08.unity""]"	[]
Assets/AddressableAssetsData/AssetGroups/Scenes.asset	Scenes/Dust_Maze_crossing	52981c4db9e2a084f97677ff1a61494f	"[""Assets/Scenes/Hornet/Dust_Maze_crossing.unity""]"	[]
Assets/AddressableAssetsData/AssetGroups/Scenes.asset	Scenes/Library_06	53721b0842130fe449efc7905068b4fa	"[""Assets/Scenes/Hornet/Library_06.unity""]"	[]
Assets/AddressableAssetsData/AssetGroups/Scenes.asset	Scenes/Dust_Shack	5380480c3e8fc44478eaea127d7c198d	"[""Assets/Scenes/Hornet/Dust_Shack.unity""]"	[]
Assets/AddressableAssetsData/AssetGroups/Scenes.asset	Scenes/Song_09	53fcdd2f1a2c93b4da293147222cb6a4	"[""Assets/Scenes/Hornet/Song_09.unity""]"	[]
Assets/AddressableAssetsData/AssetGroups/Scenes.asset	Scenes/Bone_04	5408fb826f633a0439cf7366eeeca864	"[""Assets/Scenes/Hornet/Bone_04.unity""]"	[]
Assets/AddressableAssetsData/AssetGroups/Scenes.asset	Scenes/Shellwood_03	549229fd7b7f77141805e207c2946a13	"[""Assets/Scenes/Hornet/Shellwood_03.unity""]"	[]
Assets/AddressableAssetsData/AssetGroups/Scenes.asset	Scenes/Mosstown_02	550cac17ae0e69e498a7a6cdff94a5f8	"[""Assets/Scenes/Hornet/Mosstown_02.unity""]"	[]
Assets/AddressableAssetsData/AssetGroups/Scenes.asset	Scenes/Greymoor_06	55475528cfa4f4d42a8514836c2695b9	"[""Assets/Scenes/Hornet/Greymoor_06.unity""]"	[]
Assets/AddressableAssetsData/AssetGroups/Scenes.asset	Scenes/Bellway_02	554e2efa6629ac84f9fac5bd23149714	"[""Assets/Scenes/Hornet/Bellway_02.unity""]"	[]
Assets/AddressableAssetsData/AssetGroups/Scenes.asset	Scenes/Bone_East_25	559f69a78fb79d74dbb3efc75814e1cf	"[""Assets/Scenes/Hornet/Bone_East_25.unity""]"	[]
Assets/AddressableAssetsData/AssetGroups/Scenes.asset	Scenes/Aqueduct_02	55b3a209ac59a71498ed36da9e8b3c34	"[""Assets/Scenes/Hornet/Aqueduct_02.unity""]"	[]
Assets/AddressableAssetsData/AssetGroups/Scenes.asset	Scenes/Bone_East_26	5684c958151e49641a0a054f46b50369	"[""Assets/Scenes/Hornet/Bone_East_26.unity""]"	[]
Assets/AddressableAssetsData/AssetGroups/Scenes.asset	Scenes/Peak_Mask_Maker	57165d5059749b74e9a16e12b3c2aa62	"[""Assets/Scenes/Hornet/Peak_Mask_Maker.unity""]"	[]
Assets/AddressableAssetsData/AssetGroups/Scenes.asset	Scenes/Shadow_19	58b819675a7121e438f73d5460a97e38	"[""Assets/Scenes/Hornet/Shadow_19.unity""]"	[]
Assets/AddressableAssetsData/AssetGroups/Scenes.asset	Scenes/Wisp_03	58f1ec67a75e4904b95fafb2a5468af9	"[""Assets/Scenes/Hornet/Wisp_03.unity""]"	[]
Assets/AddressableAssetsData/AssetGroups/Scenes.asset	Scenes/Coral_40	5a31e85171ff1fa4fb8c247f87cc30b2	"[""Assets/Scenes/Hornet/Coral_40.unity""]"	[]
Assets/AddressableAssetsData/AssetGroups/Scenes.asset	Scenes/Bone_East_08_boss_beastfly	5a44ebb0101e5b14cbe296eba1dcbcf1	"[""Assets/Scenes/Hornet/Bone_East_08_boss_beastfly.unity""]"	[]
Assets/AddressableAssetsData/AssetGroups/Scenes.asset	Scenes/Room_CrowCourt	5ace19041d4f5b04bad86f9ec28a1fe4	"[""Assets/Scenes/Hornet/Room_CrowCourt.unity""]"	[]
Assets/AddressableAssetsData/AssetGroups/Scenes.asset	Scenes/City_Lace_cutscene	5b10d4fd055f2d949889700b007943c5	"[""Assets/Scenes/Hornet/City_Lace_cutscene.unity""]"	[]
Assets/AddressableAssetsData/AssetGroups/Scenes.asset	Scenes/Dock_05	5b13ff77891693f45b2eaa0dcac5168d	"[""Assets/Scenes/Hornet/Dock_05.unity""]"	[]
Assets/AddressableAssetsData/AssetGroups/Scenes.asset	Scenes/Bone_East_04	5b3d1c91831871445bbe86128f82f788	"[""Assets/Scenes/Hornet/Bone_East_04.unity""]"	[]
Assets/AddressableAssetsData/AssetGroups/Scenes.asset	Scenes/Greymoor_10	5cd88e9838761d8438f0f2c033cc3a72	"[""Assets/Scenes/Hornet/Greymoor_10.unity""]"	[]
Assets/AddressableAssetsData/AssetGroups/Scenes.asset	Scenes/Room_Caravan_Interior	5db3c097e5e6bd2439877f52cb91b5a0	"[""Assets/Scenes/Hornet/Room_Caravan_Interior.unity""]"	[]
Assets/AddressableAssetsData/AssetGroups/Scenes.asset	Scenes/Greymoor_08_caravan	5e6fa7ebf199ee3479d7c938d95a23e4	"[""Assets/Scenes/Hornet/Greymoor_08_caravan.unity""]"	[]
Assets/AddressableAssetsData/AssetGroups/Scenes.asset	Scenes/Hang_02	5faa52241c2b8b142af9af008ae9add3	"[""Assets/Scenes/Hornet/Hang_02.unity""]"	[]
Assets/AddressableAssetsData/AssetGroups/Scenes.asset	Scenes/Bone_01b	5fe8cf2c1e5e0914ea45caed16c12cb6	"[""Assets/Scenes/Hornet/Bone_01b.unity""]"	[]
Assets/AddressableAssetsData/AssetGroups/Scenes.asset	Scenes/Arborium_05	5fe9315fd4d6a774b9978c9d64b43dbd	"[""Assets/Scenes/Hornet/Arborium_05.unity""]"	[]
Assets/AddressableAssetsData/AssetGroups/Scenes.asset	Scenes/Bone_11b	602178452fbe8334182f4a09081caa40	"[""Assets/Scenes/Hornet/Bone_11b.unity""]"	[]
Assets/AddressableAssetsData/AssetGroups/Scenes.asset	Scenes/Ant_Merchant	605beabd1c404fc4fabcdf4540d872b9	"[""Assets/Scenes/Hornet/Ant_Merchant.unity""]"	[]
Assets/AddressableAssetsData/AssetGroups/Scenes.asset	Scenes/Dock_03c	6183099906626fb4e90d6381bfbe75fe	"[""Assets/Scenes/Hornet/Dock_03c.unity""]"	[]
Assets/AddressableAssetsData/AssetGroups/Scenes.asset	Scenes/Greymoor_08_boss	61e82c81901f8e44199e4a9ea4749394	"[""Assets/Scenes/Hornet/Greymoor_08_boss.unity""]"	[]
Assets/AddressableAssetsData/AssetGroups/Scenes.asset	Scenes/Ward_04	622b77fb76f547845ab442c9656c8e5a	"[""Assets/Scenes/Hornet/Ward_04.unity""]"	[]
Assets/AddressableAssetsData/AssetGroups/Scenes.asset	Scenes/Ant_09	62afffc56dd746646ad7c26b7552698f	"[""Assets/Scenes/Hornet/Ant_09.unity""]"	[]
Assets/AddressableAssetsData/AssetGroups/Scenes.asset	Scenes/Dock_03d	63a90d6d7b473bb4c9ecf7b210867fd6	"[""Assets/Scenes/Hornet/Dock_03d.unity""]"	[]
Assets/AddressableAssetsData/AssetGroups/Scenes.asset	Scenes/Dock_10	63e33de2c63926a40aa88a0c58b5bc62	"[""Assets/Scenes/Hornet/Dock_10.unity""]"	[]
Assets/AddressableAssetsData/AssetGroups/Scenes.asset	Scenes/Cog_09_Destroyed	64028f35d97e50141a65367151ac0a1d	"[""Assets/Scenes/Hornet/Cog_09_Destroyed.unity""]"	[]
Assets/AddressableAssetsData/AssetGroups/Scenes.asset	Scenes/Bone_East_14	64f56cda73ef62a4a827e3072bae828c	"[""Assets/Scenes/Hornet/Bone_East_14.unity""]"	[]
Assets/AddressableAssetsData/AssetGroups/Scenes.asset	Scenes/Dust_01	6526d4a7662835a4f9e1bc35baadbc36	"[""Assets/Scenes/Hornet/Dust_01.unity""]"	[]
Assets/AddressableAssetsData/AssetGroups/Scenes.asset	Scenes/Slab_14	658f90c54113523459a818f155e4acc1	"[""Assets/Scenes/Hornet/Slab_14.unity""]"	[]
Assets/AddressableAssetsData/AssetGroups/Scenes.asset	Scenes/Coral_10	6704ec61d6401554bbfa4dda64ed2cac	"[""Assets/Scenes/Hornet/Coral_10.unity""]"	[]
Assets/AddressableAssetsData/AssetGroups/Scenes.asset	Scenes/Song_04	6758ab2863a0d2943b01e60ac76248b3	"[""Assets/Scenes/Hornet/Song_04.unity""]"	[]
Assets/AddressableAssetsData/AssetGroups/Scenes.asset	Scenes/Greymoor_03	675d65265ffaa7f46a6613e25d0d6496	"[""Assets/Scenes/Hornet/Greymoor_03.unity""]"	[]
Assets/AddressableAssetsData/AssetGroups/Scenes.asset	Scenes/Coral_02	67749ccb41c447f48a6c6bdbed126a75	"[""Assets/Scenes/Hornet/Coral_02.unity""]"	[]
Assets/AddressableAssetsData/AssetGroups/Scenes.asset	Scenes/Bone_14	697041a1d56fc2f41a8003774d2de03b	"[""Assets/Scenes/Hornet/Bone_14.unity""]"	[]
Assets/AddressableAssetsData/AssetGroups/Scenes.asset	Scenes/Abyss_08	69a3244cfe0a1ef4883fc09ee884e1ba	"[""Assets/Scenes/Hornet/Abyss_08.unity""]"	[]
Assets/AddressableAssetsData/AssetGroups/Scenes.asset	Scenes/Memory_Red	69d9fbab8680363479e85d86a575e21d	"[""Assets/Scenes/Hornet/Memory_Red.unity""]"	[]
Assets/AddressableAssetsData/AssetGroups/Scenes.asset	Scenes/Shadow_Weavehome	69fd502ca38e37048b298d35bd9c108d	"[""Assets/Scenes/Hornet/Shadow_Weavehome.unity""]"	[]
Assets/AddressableAssetsData/AssetGroups/Scenes.asset	Scenes/Bone_East_18c	6a1775ce8a9737641bce5aa9c054a3b3	"[""Assets/Scenes/Hornet/Bone_East_18c.unity""]"	[]
Assets/AddressableAssetsData/AssetGroups/Scenes.asset	Scenes/Cinematic_Ending_D	6aabd14e48567244fbf05e97fb1e16cd	"[""Assets/Scenes/Cinematic_Ending_D.unity""]"	[]
Assets/AddressableAssetsData/AssetGroups/Scenes.asset	Scenes/Shadow_11	6b5d410b21ee3484d8b709146b175977	"[""Assets/Scenes/Hornet/Shadow_11.unity""]"	[]
Assets/AddressableAssetsData/AssetGroups/Scenes.asset	Scenes/Shellwood_19	6bbc5986e42d711478d67adaf0d5dbd2	"[""Assets/Scenes/Hornet/Shellwood_19.unity""]"	[]
Assets/AddressableAssetsData/AssetGroups/Scenes.asset	Scenes/Shellwood_Witch	6bdeacebcae5bdf41b066cd6dd1b3c9c	"[""Assets/Scenes/Hornet/Shellwood_Witch.unity""]"	[]
Assets/AddressableAssetsData/AssetGroups/Scenes.asset	Scenes/Shadow_14	6c0137ed9f2be28448127d8290761481	"[""Assets/Scenes/Hornet/Shadow_14.unity""]"	[]
Assets/AddressableAssetsData/AssetGroups/Scenes.asset	Scenes/Aqueduct_05_pre	6c01a1fb608f6f543955254bf5dd874a	"[""Assets/Scenes/Hornet/Aqueduct_05_pre.unity""]"	[]
Assets/AddressableAssetsData/AssetGroups/Scenes.asset	Scenes/Bone_East_09	6cc3b1b6cd0ff344d892d86cae976d33	"[""Assets/Scenes/Hornet/Bone_East_09.unity""]"	[]
Assets/AddressableAssetsData/AssetGroups/Scenes.asset	Scenes/Slab_10c	6d0943b3c1e1e30428d0b6835f65c9c8	"[""Assets/Scenes/Hornet/Slab_10c.unity""]"	[]
Assets/AddressableAssetsData/AssetGroups/Scenes.asset	Scenes/Slab_23	6d43c4a5d272b814489aba54eddb8c58	"[""Assets/Scenes/Hornet/Slab_23.unity""]"	[]
Assets/AddressableAssetsData/AssetGroups/Scenes.asset	Scenes/Coral_11	6d5cafabf996c9c43ab4b2f6370ce077	"[""Assets/Scenes/Hornet/Coral_11.unity""]"	[]
Assets/AddressableAssetsData/AssetGroups/Scenes.asset	Scenes/Peak_05	6f02b48f0981af24ca888cbeb29f4d73	"[""Assets/Scenes/Hornet/Peak_05.unity""]"	[]
Assets/AddressableAssetsData/AssetGroups/Scenes.asset	Scenes/Cinematic_Ending_A	6f4a01b5caf3f5347ae37da78f5f6ba9	"[""Assets/Scenes/Cinematic_Ending_A.unity""]"	[]
Assets/AddressableAssetsData/AssetGroups/Scenes.asset	Scenes/End_Credits	6f580cf372d18744cb4714e82c02a217	"[""Assets/Scenes/End_Credits.unity""]"	[]
Assets/AddressableAssetsData/AssetGroups/Scenes.asset	Scenes/Dock_11	6f98acd77cdfbf147841fc2e68f726de	"[""Assets/Scenes/Hornet/Dock_11.unity""]"	[]
Assets/AddressableAssetsData/AssetGroups/Scenes.asset	Scenes/Tut_01	71c29baa37ab4d24ea141430b0fb0c93	"[""Assets/Scenes/Hornet/Tut_01.unity""]"	[]
Assets/AddressableAssetsData/AssetGroups/Scenes.asset	Scenes/Ant_20	71d3a6b527087314c8db24aa3c85b50d	"[""Assets/Scenes/Hornet/Ant_20.unity""]"	[]
Assets/AddressableAssetsData/AssetGroups/Scenes.asset	Scenes/Greymoor_08_mapper	720c7abf23715a845a502b913d2ad472	"[""Assets/Scenes/Hornet/Greymoor_08_mapper.unity""]"	[]
Assets/AddressableAssetsData/AssetGroups/Scenes.asset	Scenes/Cinematic_MrMushroom	724916d632e0eb24ab47d7bc0296da6b	"[""Assets/Scenes/Cinematic_MrMushroom.unity""]"	[]
Assets/AddressableAssetsData/AssetGroups/Scenes.asset	Scenes/Demo End	7320237e75674c7408d89b49a823a556	"[""Assets/Scenes/Hornet/Demo End.unity""]"	[]
Assets/AddressableAssetsData/AssetGroups/Scenes.asset	Scenes/Bone_02	73a3bd746b3ede444b28541f3747f37c	"[""Assets/Scenes/Hornet/Bone_02.unity""]"	[]
Assets/AddressableAssetsData/AssetGroups/Scenes.asset	Scenes/Shadow_01	746205340827c57469336e397e440eed	"[""Assets/Scenes/Hornet/Shadow_01.unity""]"	[]
Assets/AddressableAssetsData/AssetGroups/Scenes.asset	Scenes/Dock_03	746f744e6df3943439cddbe2185a0d17	"[""Assets/Scenes/Hornet/Dock_03.unity""]"	[]
Assets/AddressableAssetsData/AssetGroups/Scenes.asset	Scenes/Ant_14	74785f2ef7379f840861a0e572c1e11b	"[""Assets/Scenes/Hornet/Ant_14.unity""]"	[]
Assets/AddressableAssetsData/AssetGroups/Scenes.asset	Scenes/Belltown_06	74bcdaa8b4f40e04a870b8ee2a5a74e0	"[""Assets/Scenes/Hornet/Belltown_06.unity""]"	[]
Assets/AddressableAssetsData/AssetGroups/Scenes.asset	Scenes/Greymoor_07	75186278e836ed543b7ba4fb13d69b17	"[""Assets/Scenes/Hornet/Greymoor_07.unity""]"	[]
Assets/AddressableAssetsData/AssetGroups/Scenes.asset	Scenes/Wisp_05	75467a051a8cb90459466839b4dfbb66	"[""Assets/Scenes/Hornet/Wisp_05.unity""]"	[]
Assets/AddressableAssetsData/AssetGroups/Scenes.asset	Scenes/Hang_08	78050da1da2f1a643920569221360ed5	"[""Assets/Scenes/Hornet/Hang_08.unity""]"	[]
Assets/AddressableAssetsData/AssetGroups/Scenes.asset	Scenes/Greymoor_22	78f7e1b16c6bab441833e64d2854fcce	"[""Assets/Scenes/Hornet/Greymoor_22.unity""]"	[]
Assets/AddressableAssetsData/AssetGroups/Scenes.asset	Scenes/Under_19	79b7d103973d1564286e1a006381d42d	"[""Assets/Scenes/Hornet/Under_19.unity""]"	[]
Assets/AddressableAssetsData/AssetGroups/Scenes.asset	Scenes/Dock_09	79fc871bba972564eb5dc2a8e9b2323f	"[""Assets/Scenes/Hornet/Dock_09.unity""]"	[]
Assets/AddressableAssetsData/AssetGroups/Scenes.asset	Scenes/Library_16	7a1a05826094c354caa4cf9b84071802	"[""Assets/Scenes/Hornet/Library_16.unity""]"	[]
Assets/AddressableAssetsData/AssetGroups/Scenes.asset	Scenes/Bone_18	7a3f57c3a6c3f5f479aa60f04652161c	"[""Assets/Scenes/Hornet/Bone_18.unity""]"	[]
Assets/AddressableAssetsData/AssetGroups/Scenes.asset	Scenes/Coral_12	7aef642945b31b943b6c8fb12cd57ed2	"[""Assets/Scenes/Hornet/Coral_12.unity""]"	[]
Assets/AddressableAssetsData/AssetGroups/Scenes.asset	Scenes/Slab_02	7b0e87ed961a12f4f925b49c6d683b9d	"[""Assets/Scenes/Hornet/Slab_02.unity""]"	[]
Assets/AddressableAssetsData/AssetGroups/Scenes.asset	Scenes/Dust_Chef	7b428c86c857f32488edac5279fbe7ca	"[""Assets/Scenes/Hornet/Dust_Chef.unity""]"	[]
Assets/AddressableAssetsData/AssetGroups/Scenes.asset	Scenes/Shellwood_08	7ba752ca2580e064d94f90c70c945f76	"[""Assets/Scenes/Hornet/Shellwood_08.unity""]"	[]
Assets/AddressableAssetsData/AssetGroups/Scenes.asset	Scenes/Belltown_cutscene	7c62e4c8c91ffae4583b4c20d2b1b32e	"[""Assets/Scenes/Hornet/Belltown_cutscene.unity""]"	[]
Assets/AddressableAssetsData/AssetGroups/Scenes.asset	Scenes/Coral_23	7ca5c11702cc73049ad4dd21f44e7dad	"[""Assets/Scenes/Hornet/Coral_23.unity""]"	[]
Assets/AddressableAssetsData/AssetGroups/Scenes.asset	Scenes/Bellshrine_03	7cc4e90ee5c05ea48a107465002016c2	"[""Assets/Scenes/Hornet/Bellshrine_03.unity""]"	[]
Assets/AddressableAssetsData/AssetGroups/Scenes.asset	Scenes/Song_02	7cd280bae34d9f045bdacb57c662c3f0	"[""Assets/Scenes/Hornet/Song_02.unity""]"	[]
Assets/AddressableAssetsData/AssetGroups/Scenes.asset	Scenes/Shellwood_16	7d20d31752510c74aaeae4631a690907	"[""Assets/Scenes/Hornet/Shellwood_16.unity""]"	[]
Assets/AddressableAssetsData/AssetGroups/Scenes.asset	Scenes/Library_04	7d7e0432d925a1f439b4bc1b4f710cac	"[""Assets/Scenes/Hornet/Library_04.unity""]"	[]
Assets/AddressableAssetsData/AssetGroups/Scenes.asset	Scenes/Song_01c	7d9dac3d196a05642aee487e6cd0580d	"[""Assets/Scenes/Hornet/Song_01c.unity""]"	[]
Assets/AddressableAssetsData/AssetGroups/Scenes.asset	Scenes/Dock_04	7df263dd7b71157489c13f83f2a4391b	"[""Assets/Scenes/Hornet/Dock_04.unity""]"	[]
Assets/AddressableAssetsData/AssetGroups/Scenes.asset	Scenes/Slab_07	7e716e3bd5fcc2243b5f793aeaa05a3d	"[""Assets/Scenes/Hornet/Slab_07.unity""]"	[]
Assets/AddressableAssetsData/AssetGroups/Scenes.asset	Scenes/Belltown	80918293e0858224f9e758c06888f6e5	"[""Assets/Scenes/Hornet/Belltown.unity""]"	[]
Assets/AddressableAssetsData/AssetGroups/Scenes.asset	Scenes/Wisp_07	8121acd4a75894548bd778151248ac7b	"[""Assets/Scenes/Hornet/Wisp_07.unity""]"	[]
Assets/AddressableAssetsData/AssetGroups/Scenes.asset	Scenes/Peak_04d	84019b9a7ec46734393ae0b0fee7019b	"[""Assets/Scenes/Hornet/Peak_04d.unity""]"	[]
Assets/AddressableAssetsData/AssetGroups/Scenes.asset	Scenes/Slab_22	840759231f80291439eb673c13547684	"[""Assets/Scenes/Hornet/Slab_22.unity""]"	[]
Assets/AddressableAssetsData/AssetGroups/Scenes.asset	Scenes/Shellwood_10	847990c10427c014f8c840426ecd61e3	"[""Assets/Scenes/Hornet/Shellwood_10.unity""]"	[]
Assets/AddressableAssetsData/AssetGroups/Scenes.asset	Scenes/Dust_09	84b5a36e6a84a52418fc2407ed80f0ba	"[""Assets/Scenes/Hornet/Dust_09.unity""]"	[]
Assets/AddressableAssetsData/AssetGroups/Scenes.asset	Scenes/Clover_01b	853e996d4d82e684cb6e59015a162a70	"[""Assets/Scenes/Hornet/Clover_01b.unity""]"	[]
Assets/AddressableAssetsData/AssetGroups/Scenes.asset	Scenes/Bone_East_27	857e13d829f0d2d4092251d36dd70287	"[""Assets/Scenes/Hornet/Bone_East_27.unity""]"	[]
Assets/AddressableAssetsData/AssetGroups/Scenes.asset	Scenes/Bone_East_10_Room	85905071fba0d824c9690e2912eb1b9d	"[""Assets/Scenes/Hornet/Bone_East_10_Room.unity""]"	[]
Assets/AddressableAssetsData/AssetGroups/Scenes.asset	Scenes/Clover_06	8649f4d5b9e55d84d90123a6134ed1c6	"[""Assets/Scenes/Hornet/Clover_06.unity""]"	[]
Assets/AddressableAssetsData/AssetGroups/Scenes.asset	Scenes/Bone_East_17b	86b8193b00315d84ca054972c7418430	"[""Assets/Scenes/Hornet/Bone_East_17b.unity""]"	[]
Assets/AddressableAssetsData/AssetGroups/Scenes.asset	Scenes/Song_Tower_01	870918ef918746748be42faf154ce119	"[""Assets/Scenes/Hornet/Song_Tower_01.unity""]"	[]
Assets/AddressableAssetsData/AssetGroups/Scenes.asset	Scenes/Bellway_Centipede_additive	875e432fb5bcfba46977ef00d93c5ebf	"[""Assets/Scenes/Hornet/Bellway_Centipede_additive.unity""]"	[]
Assets/AddressableAssetsData/AssetGroups/Scenes.asset	Scenes/Coral_36	87ac89ede38b4ed469fbfe16b8994ee1	"[""Assets/Scenes/Hornet/Coral_36.unity""]"	[]
Assets/AddressableAssetsData/AssetGroups/Scenes.asset	Scenes/Tut_05	887fc792155289c4db11cc5e8af72f1a	"[""Assets/Scenes/Hornet/Tut_05.unity""]"	[]
Assets/AddressableAssetsData/AssetGroups/Scenes.asset	Scenes/Shellwood_20	88aac917b04b19b41b1476078d730fe3	"[""Assets/Scenes/Hornet/Shellwood_20.unity""]"	[]
Assets/AddressableAssetsData/AssetGroups/Scenes.asset	Scenes/Bone_19	897513bdfeee85940a16514c5abf760d	"[""Assets/Scenes/Hornet/Bone_19.unity""]"	[]
Assets/AddressableAssetsData/AssetGroups/Scenes.asset	Scenes/Slab_08	897be27cb61d0684ea73ea4d86b6c9db	"[""Assets/Scenes/Hornet/Slab_08.unity""]"	[]
Assets/AddressableAssetsData/AssetGroups/Scenes.asset	Scenes/Under_07c	89cb1d324366f3b4c95fc2c16fa44eea	"[""Assets/Scenes/Hornet/Under_07c.unity""]"	[]
Assets/AddressableAssetsData/AssetGroups/Scenes.asset	Scenes/Shellwood_26	89d2bb2b2c391b743a81b29a738f881a	"[""Assets/Scenes/Hornet/Shellwood_26.unity""]"	[]
Assets/AddressableAssetsData/AssetGroups/Scenes.asset	Scenes/Shadow_Bilehaven_Room	8a543dba4552ad4448a4cb6e1550105a	"[""Assets/Scenes/Hornet/Shadow_Bilehaven_Room.unity""]"	[]
Assets/AddressableAssetsData/AssetGroups/Scenes.asset	Scenes/Greymoor_21	8b11cf151f6c1b342b68c49ef57370e5	"[""Assets/Scenes/Hornet/Greymoor_21.unity""]"	[]
Assets/AddressableAssetsData/AssetGroups/Scenes.asset	Scenes/Dust_10	8b4b318ebb950624d80af7df07ebbd2d	"[""Assets/Scenes/Hornet/Dust_10.unity""]"	[]
Assets/AddressableAssetsData/AssetGroups/Scenes.asset	Scenes/Dust_Maze_03	8bccad2d0ea03534cba7e2cdf9b0e6e1	"[""Assets/Scenes/Hornet/Dust_Maze_03.unity""]"	[]
Assets/AddressableAssetsData/AssetGroups/Scenes.asset	Scenes/Aqueduct_06	8c33a7d96d234e641a2b2590f8fbe3f0	"[""Assets/Scenes/Hornet/Aqueduct_06.unity""]"	[]
Assets/AddressableAssetsData/AssetGroups/Scenes.asset	Scenes/Belltown_Shrine	8c55f3992339c704aa67f17fe1e2fe23	"[""Assets/Scenes/Hornet/Belltown_Shrine.unity""]"	[]
Assets/AddressableAssetsData/AssetGroups/Scenes.asset	Scenes/Hang_12	8c9cc54a4d43238408df6db81832319f	"[""Assets/Scenes/Hornet/Hang_12.unity""]"	[]
Assets/AddressableAssetsData/AssetGroups/Scenes.asset	Scenes/Shellwood_18	8cbfe96e7b161a2459a00224f8dd50a7	"[""Assets/Scenes/Hornet/Shellwood_18.unity""]"	[]
Assets/AddressableAssetsData/AssetGroups/Scenes.asset	Scenes/Hang_06_bank	8d7bf27549112a64884b69156df2f7ef	"[""Assets/Scenes/Hornet/Hang_06_bank.unity""]"	[]
Assets/AddressableAssetsData/AssetGroups/Scenes.asset	Scenes/Under_03	8d80f2c23093592479a22559adf11029	"[""Assets/Scenes/Hornet/Under_03.unity""]"	[]
Assets/AddressableAssetsData/AssetGroups/Scenes.asset	Scenes/Bone_East_16	8e164644676e4a84ea1432802a1e8c74	"[""Assets/Scenes/Hornet/Bone_East_16.unity""]"	[]
Assets/AddressableAssetsData/AssetGroups/Scenes.asset	Scenes/Menu_Credits	8ed1c26bb1de284479f12fe1bf6279bf	"[""Assets/Scenes/Menu_Credits.unity""]"	[]
Assets/AddressableAssetsData/AssetGroups/Scenes.asset	Scenes/Bone_East_03	8ee230dc1b38faa4b8efcb08cd64fec4	"[""Assets/Scenes/Hornet/Bone_East_03.unity""]"	[]
Assets/AddressableAssetsData/AssetGroups/Scenes.asset	Scenes/Weave_12	8f68bcdc5eed05a4e8fa3defa7b596f0	"[""Assets/Scenes/Hornet/Weave_12.unity""]"	[]
Assets/AddressableAssetsData/AssetGroups/Scenes.asset	Scenes/Song_17	8f6dd46382bd3db459b815dc58f460fa	"[""Assets/Scenes/Hornet/Song_17.unity""]"	[]
Assets/AddressableAssetsData/AssetGroups/Scenes.asset	Scenes/Bone_East_13	901568706e9e36842a514e88e45a34bb	"[""Assets/Scenes/Hornet/Bone_East_13.unity""]"	[]
Assets/AddressableAssetsData/AssetGroups/Scenes.asset	Scenes/Shadow_22	906858945e313d34ab98fa0a6be23b13	"[""Assets/Scenes/Hornet/Shadow_22.unity""]"	[]
Assets/AddressableAssetsData/AssetGroups/Scenes.asset	Scenes/Song_05	9090683b3a58d434188206bea1bd1ce3	"[""Assets/Scenes/Hornet/Song_05.unity""]"	[]
Assets/AddressableAssetsData/AssetGroups/Scenes.asset	Scenes/Ant_04	90b264944aad7de49b89d2d1f23206ad	"[""Assets/Scenes/Hornet/Ant_04.unity""]"	[]
Assets/AddressableAssetsData/AssetGroups/Scenes.asset	Scenes/Bone_Steel_Servant	92fa58718bef4844ea6d840be15167ff	"[""Assets/Scenes/Hornet/Bone_Steel_Servant.unity""]"	[]
Assets/AddressableAssetsData/AssetGroups/Scenes.asset	Scenes/Song_19_entrance	936b43986a93dea4c98a67cc4ff5eb18	"[""Assets/Scenes/Hornet/Song_19_entrance.unity""]"	[]
Assets/AddressableAssetsData/AssetGroups/Scenes.asset	Scenes/Arborium_04	93984933402699d4ebe14fa13cecca28	"[""Assets/Scenes/Hornet/Arborium_04.unity""]"	[]
Assets/AddressableAssetsData/AssetGroups/Scenes.asset	Scenes/Abyss_04	93a01d3ffccbbf746b8db808a5909c72	"[""Assets/Scenes/Hornet/Abyss_04.unity""]"	[]
Assets/AddressableAssetsData/AssetGroups/Scenes.asset	Scenes/Bellway_03_boss	93c70c7b45aabe14bab4b3d3a5b81f8a	"[""Assets/Scenes/Hornet/Bellway_03_boss.unity""]"	[]
Assets/AddressableAssetsData/AssetGroups/Scenes.asset	Scenes/Hang_01	9432509344beb2544979cc8eecb1036a	"[""Assets/Scenes/Hornet/Hang_01.unity""]"	[]
Assets/AddressableAssetsData/AssetGroups/Scenes.asset	Scenes/Tut_01b	946321550f896484989a14bddd2fefd8	"[""Assets/Scenes/Hornet/Tut_01b.unity""]"	[]
Assets/AddressableAssetsData/AssetGroups/Scenes.asset	Scenes/Dust_04	94c4fe13ade75e54fb7723c6b811bc3c	"[""Assets/Scenes/Hornet/Dust_04.unity""]"	[]
Assets/AddressableAssetsData/AssetGroups/Scenes.asset	Scenes/Abyss_07	9508dccf2993e8a479df9f559870d376	"[""Assets/Scenes/Hornet/Abyss_07.unity""]"	[]
Assets/AddressableAssetsData/AssetGroups/Scenes.asset	Scenes/Clover_01	9745f5a0f5ffc3b4ebe6dc329a0618ca	"[""Assets/Scenes/Hornet/Clover_01.unity""]"	[]
Assets/AddressableAssetsData/AssetGroups/Scenes.asset	Scenes/Hang_03_top	978598625f51f704daaa19e121aed271	"[""Assets/Scenes/Hornet/Hang_03_top.unity""]"	[]
Assets/AddressableAssetsData/AssetGroups/Scenes.asset	Scenes/Wisp_02	97d19e60635736b4786238d5c2fc260d	"[""Assets/Scenes/Hornet/Wisp_02.unity""]"	[]
Assets/AddressableAssetsData/AssetGroups/Scenes.asset	Scenes/Dock_14	984fb14e9eba12b409f48ed16993ecbb	"[""Assets/Scenes/Hornet/Dock_14.unity""]"	[]
Assets/AddressableAssetsData/AssetGroups/Scenes.asset	Scenes/Under_11	989aaad20151ee149894fa8392204fe9	"[""Assets/Scenes/Hornet/Under_11.unity""]"	[]
Assets/AddressableAssetsData/AssetGroups/Scenes.asset	Scenes/Greymoor_05	98fad7311012961469fa4d8c9bb95ab3	"[""Assets/Scenes/Hornet/Greymoor_05.unity""]"	[]
Assets/AddressableAssetsData/AssetGroups/Scenes.asset	Scenes/Crawl_04	9a007c993c3b6094eaa52632776f3a44	"[""Assets/Scenes/Hornet/Crawl_04.unity""]"	[]
Assets/AddressableAssetsData/AssetGroups/Scenes.asset	Scenes/Bone_East_18	9a282a073417ea24a935ae7c0b90d05b	"[""Assets/Scenes/Hornet/Bone_East_18.unity""]"	[]
Assets/AddressableAssetsData/AssetGroups/Scenes.asset	Scenes/Coral_11b	9a657cda54789534aa9970accf4fba5c	"[""Assets/Scenes/Hornet/Coral_11b.unity""]"	[]
Assets/AddressableAssetsData/AssetGroups/Scenes.asset	Scenes/Weave_08	9ab5b6884ca76f342a4ec94394dcd2fa	"[""Assets/Scenes/Hornet/Weave_08.unity""]"	[]
Assets/AddressableAssetsData/AssetGroups/Scenes.asset	Scenes/Slab_Cell_Quiet	9ae4ddfd350a2b04b87bc13f2e13853e	"[""Assets/Scenes/Hornet/Slab_Cell_Quiet.unity""]"	[]
Assets/AddressableAssetsData/AssetGroups/Scenes.asset	Scenes/Dust_06	9b1b0b3ae22a9a24c8442ba70fd44ac6	"[""Assets/Scenes/Hornet/Dust_06.unity""]"	[]
Assets/AddressableAssetsData/AssetGroups/Scenes.asset	Scenes/Crawl_09	9b2d08d3c5b110d44848e72443f65558	"[""Assets/Scenes/Hornet/Crawl_09.unity""]"	[]
Assets/AddressableAssetsData/AssetGroups/Scenes.asset	Scenes/Quit_To_Menu	9bfff4dbfcbb5604d9c801eed47aacc6	"[""Assets/Scenes/Quit_To_Menu.unity""]"	[]
Assets/AddressableAssetsData/AssetGroups/Scenes.asset	Scenes/Tube_Hub	9c41068957f5c254f8bd268064eba7f4	"[""Assets/Scenes/Hornet/Tube_Hub.unity""]"	[]
Assets/AddressableAssetsData/AssetGroups/Scenes.asset	Scenes/Memory_Silk_Heart_WardBoss	9c7484f738654134e8b324c0b303a5f4	"[""Assets/Scenes/Hornet/Memory_Silk_Heart_WardBoss.unity""]"	[]
Assets/AddressableAssetsData/AssetGroups/Scenes.asset	Scenes/Cradle_03	9c86739c07633234c990e7323bc5a386	"[""Assets/Scenes/Hornet/Cradle_03.unity""]"	[]
Assets/AddressableAssetsData/AssetGroups/Scenes.asset	Scenes/Slab_05	9da3076751b0c5e43a16dcae42b16b07	"[""Assets/Scenes/Hornet/Slab_05.unity""]"	[]
Assets/AddressableAssetsData/AssetGroups/Scenes.asset	Scenes/Dust_11	9e097f1da7142b4459493f61d6910e43	"[""Assets/Scenes/Hornet/Dust_11.unity""]"	[]
Assets/AddressableAssetsData/AssetGroups/Scenes.asset	Scenes/Clover_16	9ea343edca613fe49a7b0fb2659297cc	"[""Assets/Scenes/Hornet/Clover_16.unity""]"	[]
Assets/AddressableAssetsData/AssetGroups/Scenes.asset	Scenes/Shadow_18	9ef91dadeacfad94894e60d609daaf91	"[""Assets/Scenes/Hornet/Shadow_18.unity""]"	[]
Assets/AddressableAssetsData/AssetGroups/Scenes.asset	Scenes/Bone_East_02b	9ff4638880a77164e95e659d934958bd	"[""Assets/Scenes/Hornet/Bone_East_02b.unity""]"	[]
Assets/AddressableAssetsData/AssetGroups/Scenes.asset	Scenes/Coral_25	a0abbc198217ff2428dba092a8daeb8e	"[""Assets/Scenes/Hornet/Coral_25.unity""]"	[]
Assets/AddressableAssetsData/AssetGroups/Scenes.asset	Scenes/Bone_12	a1c7336dd2f851744add17685f71c47c	"[""Assets/Scenes/Hornet/Bone_12.unity""]"	[]
Assets/AddressableAssetsData/AssetGroups/Scenes.asset	Scenes/Coral_19b	a1f6aab303213cd4daf1b1446efa281c	"[""Assets/Scenes/Hornet/Coral_19b.unity""]"	[]
Assets/AddressableAssetsData/AssetGroups/Scenes.asset	Scenes/Song_Enclave	a33006c53bc558c4d863b4641b84fa93	"[""Assets/Scenes/Hornet/Song_Enclave.unity""]"	[]
Assets/AddressableAssetsData/AssetGroups/Scenes.asset	Scenes/Bone_East_09b	a37bed62a5dec594a8c87f7c323c9a88	"[""Assets/Scenes/Hornet/Bone_East_09b.unity""]"	[]
Assets/AddressableAssetsData/AssetGroups/Scenes.asset	Scenes/Library_12	a3b5bd266622d1d47b37a43567eac93f	"[""Assets/Scenes/Hornet/Library_12.unity""]"	[]
Assets/AddressableAssetsData/AssetGroups/Scenes.asset	Scenes/Dust_02	a3ecd8206417e1b4e80a32488cbdf430	"[""Assets/Scenes/Hornet/Dust_02.unity""]"	[]
Assets/AddressableAssetsData/AssetGroups/Scenes.asset	Scenes/Hang_17b	a4063f25ac59c7447b5b34f3b2a56dc6	"[""Assets/Scenes/Hornet/Hang_17b.unity""]"	[]
Assets/AddressableAssetsData/AssetGroups/Scenes.asset	Scenes/Abyss_11	a518445d7727d35448fd6bd4b90e4adc	"[""Assets/Scenes/Hornet/Abyss_11.unity""]"	[]
Assets/AddressableAssetsData/AssetGroups/Scenes.asset	Scenes/Bone_East_17	a596fe8cbbb8dc247ae15e1d9f04b3ca	"[""Assets/Scenes/Hornet/Bone_East_17.unity""]"	[]
Assets/AddressableAssetsData/AssetGroups/Scenes.asset	Scenes/Greymoor_04	a5dd16b459f722b45bb5ecf5f3f8e225	"[""Assets/Scenes/Hornet/Greymoor_04.unity""]"	[]
Assets/AddressableAssetsData/AssetGroups/Scenes.asset	Scenes/Slab_03	a5e2884bff5056641a8b4950ac1a4fe8	"[""Assets/Scenes/Hornet/Slab_03.unity""]"	[]
Assets/AddressableAssetsData/AssetGroups/Scenes.asset	Scenes/Belltown_04	a6745e5b4c74bb144aa83ca89b43d638	"[""Assets/Scenes/Hornet/Belltown_04.unity""]"	[]
Assets/AddressableAssetsData/AssetGroups/Scenes.asset	Scenes/Under_13	a69d422b3fd2d6c448668b5f62e4c777	"[""Assets/Scenes/Hornet/Under_13.unity""]"	[]
Assets/AddressableAssetsData/AssetGroups/Scenes.asset	Scenes/Shadow_10	a70a48b7b74c9454391ebb6fc2f855f7	"[""Assets/Scenes/Hornet/Shadow_10.unity""]"	[]
Assets/AddressableAssetsData/AssetGroups/Scenes.asset	Scenes/Organ_01	a717600c6e3e2354c931bf23aef169c5	"[""Assets/Scenes/Hornet/Organ_01.unity""]"	[]
Assets/AddressableAssetsData/AssetGroups/Scenes.asset	Scenes/Bellshrine_02	a7249e4f10ae4ba4e89f35e334de4f93	"[""Assets/Scenes/Hornet/Bellshrine_02.unity""]"	[]
Assets/AddressableAssetsData/AssetGroups/Scenes.asset	Scenes/Peak_10	a749097d198348e489e67dfd5a7de6a2	"[""Assets/Scenes/Hornet/Peak_10.unity""]"	[]
Assets/AddressableAssetsData/AssetGroups/Scenes.asset	Scenes/Bone_East_14b	a7595193d74168c499f42bfc5fd6ef96	"[""Assets/Scenes/Hornet/Bone_East_14b.unity""]"	[]
Assets/AddressableAssetsData/AssetGroups/Scenes.asset	Scenes/Belltown_08	a869007860c07a04ea3a56155dc62eda	"[""Assets/Scenes/Hornet/Belltown_08.unity""]"	[]
Assets/AddressableAssetsData/AssetGroups/Scenes.asset	Scenes/Bone_East_04b	a905834246ad4284bb9b92e60c0c88ae	"[""Assets/Scenes/Hornet/Bone_East_04b.unity""]"	[]
Assets/AddressableAssetsData/AssetGroups/Scenes.asset	Scenes/Coral_35b	a990c1de7e37174418bc0b89c2f13933	"[""Assets/Scenes/Hornet/Coral_35b.unity""]"	[]
Assets/AddressableAssetsData/AssetGroups/Scenes.asset	Scenes/Under_20	a9b2abe1b666d6d43a716efa129811fb	"[""Assets/Scenes/Hornet/Under_20.unity""]"	[]
Assets/AddressableAssetsData/AssetGroups/Scenes.asset	Scenes/Aqueduct_07	aa1f633f58f7eae468ce86da9387a97a	"[""Assets/Scenes/Hornet/Aqueduct_07.unity""]"	[]
Assets/AddressableAssetsData/AssetGroups/Scenes.asset	Scenes/Song_15	aa6da324a8d83b44989e443145398f1a	"[""Assets/Scenes/Hornet/Song_15.unity""]"	[]
Assets/AddressableAssetsData/AssetGroups/Scenes.asset	Scenes/Song_20	aacacc32d0d96694982d446bd1a2c0a1	"[""Assets/Scenes/Hornet/Song_20.unity""]"	[]
Assets/AddressableAssetsData/AssetGroups/Scenes.asset	Scenes/Under_27	abdf13e7be0e1b645a73f447f1a72898	"[""Assets/Scenes/Hornet/Under_27.unity""]"	[]
Assets/AddressableAssetsData/AssetGroups/Scenes.asset	Scenes/Ant_Queen	ac44b57496ad4324fa20e32d17e35bd6	"[""Assets/Scenes/Hornet/Ant_Queen.unity""]"	[]
Assets/AddressableAssetsData/AssetGroups/Scenes.asset	Scenes/Bone_07	aca8c3567a682df41a50542eb49d1390	"[""Assets/Scenes/Hornet/Bone_07.unity""]"	[]
Assets/AddressableAssetsData/AssetGroups/Scenes.asset	Scenes/Ant_05c	ace8e7326826505498f450c4991da0ec	"[""Assets/Scenes/Hornet/Ant_05c.unity""]"	[]
Assets/AddressableAssetsData/AssetGroups/Scenes.asset	Scenes/Dock_15	ad495795175c07244a39986df528afb6	"[""Assets/Scenes/Hornet/Dock_15.unity""]"	[]
Assets/AddressableAssetsData/AssetGroups/Scenes.asset	Scenes/Dust_Maze_09_entrance	ad5d776300a0b1b41ba785c508db4ff2	"[""Assets/Scenes/Hornet/Dust_Maze_09_entrance.unity""]"	[]
Assets/AddressableAssetsData/AssetGroups/Scenes.asset	Scenes/Slab_04	af161fb96d61adf439e268bc0a0160b6	"[""Assets/Scenes/Hornet/Slab_04.unity""]"	[]
Assets/AddressableAssetsData/AssetGroups/Scenes.asset	Scenes/Shadow_20	af30681578d17a342919e679ea65b9ba	"[""Assets/Scenes/Hornet/Shadow_20.unity""]"	[]
Assets/AddressableAssetsData/AssetGroups/Scenes.asset	Scenes/Library_14	b079783a045783542ba83b48fcca16cb	"[""Assets/Scenes/Hornet/Library_14.unity""]"	[]
Assets/AddressableAssetsData/AssetGroups/Scenes.asset	Scenes/Cinematic_Stag_travel	b0a78834705fba74282d6078bfe528bb	"[""Assets/Scenes/Cinematic_Stag_travel.unity""]"	[]
Assets/AddressableAssetsData/AssetGroups/Scenes.asset	Scenes/Dust_Maze_04	b216495d2e95b6743b3d638eb5a515bf	"[""Assets/Scenes/Hornet/Dust_Maze_04.unity""]"	[]
Assets/AddressableAssetsData/AssetGroups/Scenes.asset	Scenes/Slab_06	b292c1e92a5f1f24da06c794dde7826f	"[""Assets/Scenes/Hornet/Slab_06.unity""]"	[]
Assets/AddressableAssetsData/AssetGroups/Scenes.asset	Scenes/Shadow_15	b2d11bd37be707c4f956cbec447e2938	"[""Assets/Scenes/Hornet/Shadow_15.unity""]"	[]
Assets/AddressableAssetsData/AssetGroups/Scenes.asset	Scenes/Peak_08	b2f271e2ba1c46c4180e5bc28ee4591d	"[""Assets/Scenes/Hornet/Peak_08.unity""]"	[]
Assets/AddressableAssetsData/AssetGroups/Scenes.asset	Scenes/Dock_01	b329cdca63be19f4ba475bce6de72344	"[""Assets/Scenes/Hornet/Dock_01.unity""]"	[]
Assets/AddressableAssetsData/AssetGroups/Scenes.asset	Scenes/Bone_East_22	b3c4a5c61da12f045b3eb31c1db9a0f8	"[""Assets/Scenes/Hornet/Bone_East_22.unity""]"	[]
Assets/AddressableAssetsData/AssetGroups/Scenes.asset	Scenes/Peak_08b	b3dbddc15442d654db9b5dc236eb961c	"[""Assets/Scenes/Hornet/Peak_08b.unity""]"	[]
Assets/AddressableAssetsData/AssetGroups/Scenes.asset	Scenes/Arborium_02	b44d1f60a8689594b87efd486e8d3a10	"[""Assets/Scenes/Hornet/Arborium_02.unity""]"	[]
Assets/AddressableAssetsData/AssetGroups/Scenes.asset	Scenes/Belltown_Room_Relic	b4a5c30fddcc1a047817b6489bcc896d	"[""Assets/Scenes/Hornet/Belltown_Room_Relic.unity""]"	[]
Assets/AddressableAssetsData/AssetGroups/Scenes.asset	Scenes/Peak_01	b4a8bdf9deed0fa4a8f3fcf3b089ff81	"[""Assets/Scenes/Hornet/Peak_01.unity""]"	[]
Assets/AddressableAssetsData/AssetGroups/Scenes.asset	Scenes/Coral_24	b57825ab092b4e74bae3311d38eb43c4	"[""Assets/Scenes/Hornet/Coral_24.unity""]"	[]
Assets/AddressableAssetsData/AssetGroups/Scenes.asset	Scenes/Tut_03	b60f6b075a331674fb8ac021ce1afe9b	"[""Assets/Scenes/Hornet/Tut_03.unity""]"	[]
Assets/AddressableAssetsData/AssetGroups/Scenes.asset	Scenes/Bone_East_Weavehome	b6cec601b69650847980992fc2914efd	"[""Assets/Scenes/Hornet/Bone_East_Weavehome.unity""]"	[]
Assets/AddressableAssetsData/AssetGroups/Scenes.asset	Scenes/Cradle_02	b7734d4b854fe104aa1bb54a443ad911	"[""Assets/Scenes/Hornet/Cradle_02.unity""]"	[]
Assets/AddressableAssetsData/AssetGroups/Scenes.asset	Scenes/Song_20b	b83aa862bbbbc39438f7200f9aaed1cd	"[""Assets/Scenes/Hornet/Song_20b.unity""]"	[]
Assets/AddressableAssetsData/AssetGroups/Scenes.asset	Scenes/Under_14	b9465c676201c934ea5f0e1f7c59f84d	"[""Assets/Scenes/Hornet/Under_14.unity""]"	[]
Assets/AddressableAssetsData/AssetGroups/Scenes.asset	Scenes/Dust_Maze_01	ba3a47ef06e7531408e1907b37851a53	"[""Assets/Scenes/Hornet/Dust_Maze_01.unity""]"	[]
Assets/AddressableAssetsData/AssetGroups/Scenes.asset	Scenes/Bone_01	bad8b1abd35fc0a449a949be37e4615d	"[""Assets/Scenes/Hornet/Bone_01.unity""]"	[]
Assets/AddressableAssetsData/AssetGroups/Scenes.asset	Scenes/Bone_05_bellway	bb22c854a1891b945a64b503b9f20280	"[""Assets/Scenes/Hornet/Bone_05_bellway.unity""]"	[]
Assets/AddressableAssetsData/AssetGroups/Scenes.asset	Scenes/Dock_03b	bb563b877baedf64d82f5070637ee84a	"[""Assets/Scenes/Hornet/Dock_03b.unity""]"	[]
Assets/AddressableAssetsData/AssetGroups/Scenes.asset	Scenes/Song_12	bbbb275ac728aa24297e04c0c7275535	"[""Assets/Scenes/Hornet/Song_12.unity""]"	[]
Assets/AddressableAssetsData/AssetGroups/Scenes.asset	Scenes/Bone_East_LavaChallenge	bc305d48333ef154fa17bbd178ad460d	"[""Assets/Scenes/Hornet/Bone_East_LavaChallenge.unity""]"	[]
Assets/AddressableAssetsData/AssetGroups/Scenes.asset	Scenes/Bone_16	bc91708cafe5f5d45964425d1d0f1fc2	"[""Assets/Scenes/Hornet/Bone_16.unity""]"	[]
Assets/AddressableAssetsData/AssetGroups/Scenes.asset	Scenes/Slab_19b	bcdade956877a8f4fb451167f37681f7	"[""Assets/Scenes/Hornet/Slab_19b.unity""]"	[]
Assets/AddressableAssetsData/AssetGroups/Scenes.asset	Scenes/Clover_10_web	bdcdb6d8530ce6e4ba53409486df9489	"[""Assets/Scenes/Hornet/Clover_10_web.unity""]"	[]
Assets/AddressableAssetsData/AssetGroups/Scenes.asset	Scenes/Hang_04	bdf5ac4cf397b2c4eb08df63cb15ef04	"[""Assets/Scenes/Hornet/Hang_04.unity""]"	[]
Assets/AddressableAssetsData/AssetGroups/Scenes.asset	Scenes/Dust_Maze_05	be2e4001b21f7454986f932ae9423d91	"[""Assets/Scenes/Hornet/Dust_Maze_05.unity""]"	[]
Assets/AddressableAssetsData/AssetGroups/Scenes.asset	Scenes/Coral_43	be71586536e31d847a7ff98d00113371	"[""Assets/Scenes/Hornet/Coral_43.unity""]"	[]
Assets/AddressableAssetsData/AssetGroups/Scenes.asset	Scenes/Bellway_Peak_02	be75d7e74c66b6c4383987e45357aa0c	"[""Assets/Scenes/Hornet/Bellway_Peak_02.unity""]"	[]
Assets/AddressableAssetsData/AssetGroups/Scenes.asset	Scenes/Dust_Maze_06	be82aa4867f413840bfa604fbdc2d60f	"[""Assets/Scenes/Hornet/Dust_Maze_06.unity""]"	[]
Assets/AddressableAssetsData/AssetGroups/Scenes.asset	Scenes/Cog_07	be9c255ec60237e4e93a47e65d4d50f0	"[""Assets/Scenes/Hornet/Cog_07.unity""]"	[]
Assets/AddressableAssetsData/AssetGroups/Scenes.asset	Scenes/Under_05	bee3ed0a7de273e478226217a5d36309	"[""Assets/Scenes/Hornet/Under_05.unity""]"	[]
Assets/AddressableAssetsData/AssetGroups/Scenes.asset	Scenes/PermaDeath	bf334234ff01f6842a053b28e5293805	"[""Assets/Scenes/Data/PermaDeath.unity""]"	[]
Assets/AddressableAssetsData/AssetGroups/Scenes.asset	Scenes/Cog_10_Destroyed	bf7dfff9a5574244ca7c3fbf300b874f	"[""Assets/Scenes/Hornet/Cog_10_Destroyed.unity""]"	[]
Assets/AddressableAssetsData/AssetGroups/Scenes.asset	Scenes/Room_Diving_Bell_Abyss_Fixed	c156f19ad49753a46b5836c42d6817ae	"[""Assets/Scenes/Hornet/Room_Diving_Bell_Abyss_Fixed.unity""]"	[]
Assets/AddressableAssetsData/AssetGroups/Scenes.asset	Scenes/Shellwood_11b_Memory	c1a290f9a19d871489f46c650a78383c	"[""Assets/Scenes/Hornet/Shellwood_11b_Memory.unity""]"	[]
Assets/AddressableAssetsData/AssetGroups/Scenes.asset	Scenes/Greymoor_17	c2050dd5b505a0e4bb9ee7d1dd8e1807	"[""Assets/Scenes/Hornet/Greymoor_17.unity""]"	[]
Assets/AddressableAssetsData/AssetGroups/Scenes.asset	Scenes/Mosstown_02c	c213fc01d3600644dbca90c48f3b2174	"[""Assets/Scenes/Hornet/Mosstown_02c.unity""]"	[]
Assets/AddressableAssetsData/AssetGroups/Scenes.asset	Scenes/Abyss_01	c22a070fb33c04a4f9434ed2035cccf2	"[""Assets/Scenes/Hornet/Abyss_01.unity""]"	[]
Assets/AddressableAssetsData/AssetGroups/Scenes.asset	Scenes/Bellway_Centipede_Arena	c312b306cda4cef4c8c66d17901e4d03	"[""Assets/Scenes/Hornet/Bellway_Centipede_Arena.unity""]"	[]
Assets/AddressableAssetsData/AssetGroups/Scenes.asset	Scenes/Greymoor_20b	c35ef8033e136544fb69908762009cc3	"[""Assets/Scenes/Hornet/Greymoor_20b.unity""]"	[]
Assets/AddressableAssetsData/AssetGroups/Scenes.asset	Scenes/Slab_Cell	c3f5bb47d52ec3545af6fa0040efcd6f	"[""Assets/Scenes/Hornet/Slab_Cell.unity""]"	[]
Assets/AddressableAssetsData/AssetGroups/Scenes.asset	Scenes/Dust_Maze_08	c50ec6619b40f6f4583451f98e8322da	"[""Assets/Scenes/Hornet/Dust_Maze_08.unity""]"	[]
Assets/AddressableAssetsData/AssetGroups/Scenes.asset	Scenes/Cog_10	c52c4eb960c560a4baf1d5b3f0394a7f	"[""Assets/Scenes/Hornet/Cog_10.unity""]"	[]
Assets/AddressableAssetsData/AssetGroups/Scenes.asset	Scenes/Coral_Judge_Arena	c559f075833795b47ab0fe8dd0335c4c	"[""Assets/Scenes/Hornet/Coral_Judge_Arena.unity""]"	[]
Assets/AddressableAssetsData/AssetGroups/Scenes.asset	Scenes/Song_29	c5e60d18d5ab8194eae40ab82d6d6e5a	"[""Assets/Scenes/Hornet/Song_29.unity""]"	[]
Assets/AddressableAssetsData/AssetGroups/Scenes.asset	Scenes/Bonetown_boss	c5f8532e9b517884daeb53907efeabbb	"[""Assets/Scenes/Hornet/Bonetown_boss.unity""]"	[]
Assets/AddressableAssetsData/AssetGroups/Scenes.asset	Scenes/Bone_11	c5fb0b5dacb7cda41bdfe509e6ec61c3	"[""Assets/Scenes/Hornet/Bone_11.unity""]"	[]
Assets/AddressableAssetsData/AssetGroups/Scenes.asset	Scenes/Library_13b	c61bc52ec11e6534daa4805843cd61ee	"[""Assets/Scenes/Hornet/Library_13b.unity""]"	[]
Assets/AddressableAssetsData/AssetGroups/Scenes.asset	Scenes/Under_10	c65827cb9a82ee2428ca15ea72270ff7	"[""Assets/Scenes/Hornet/Under_10.unity""]"	[]
Assets/AddressableAssetsData/AssetGroups/Scenes.asset	Scenes/Dock_02b	c687e575f33ef5f419bed57362afedc1	"[""Assets/Scenes/Hornet/Dock_02b.unity""]"	[]
Assets/AddressableAssetsData/AssetGroups/Scenes.asset	Scenes/Greymoor_20c	c6c33213092a6d349b5acbba00a51f99	"[""Assets/Scenes/Hornet/Greymoor_20c.unity""]"	[]
Assets/AddressableAssetsData/AssetGroups/Scenes.asset	Scenes/Bellway_03	c6ca5ed8338b3454db215a1b4c1a2c2c	"[""Assets/Scenes/Hornet/Bellway_03.unity""]"	[]
Assets/AddressableAssetsData/AssetGroups/Scenes.asset	Scenes/Room_Caravan_Interior_Travel	c778aa429816b654ca370f30fd1faecb	"[""Assets/Scenes/Hornet/Room_Caravan_Interior_Travel.unity""]"	[]
Assets/AddressableAssetsData/AssetGroups/Scenes.asset	Scenes/Under_16	c92b09d7445b0764ebf5bf284d18b310	"[""Assets/Scenes/Hornet/Under_16.unity""]"	[]
Assets/AddressableAssetsData/AssetGroups/Scenes.asset	Scenes/Shellwood_13	c97064f256bc5984db8abf1fb2144bd4	"[""Assets/Scenes/Hornet/Shellwood_13.unity""]"	[]
Assets/AddressableAssetsData/AssetGroups/Scenes.asset	Scenes/Library_08	c9af922f505fa88449f2afd7ea7f801b	"[""Assets/Scenes/Hornet/Library_08.unity""]"	[]
Assets/AddressableAssetsData/AssetGroups/Scenes.asset	Scenes/Dust_03	ca48ff67b952f2d4cb9e3ba43cb37c9b	"[""Assets/Scenes/Hornet/Dust_03.unity""]"	[]
Assets/AddressableAssetsData/AssetGroups/Scenes.asset	Scenes/Library_11	cb14f625c74abc249a550675f2156c62	"[""Assets/Scenes/Hornet/Library_11.unity""]"	[]
Assets/AddressableAssetsData/AssetGroups/Scenes.asset	Scenes/Room_Witch	cbb6ec743cb64674e94b5e2268ce81cf	"[""Assets/Scenes/Hornet/Room_Witch.unity""]"	[]
Assets/AddressableAssetsData/AssetGroups/Scenes.asset	Scenes/Bone_03	cc4709e5f46b4a64c9f5290ca27165b8	"[""Assets/Scenes/Hornet/Bone_03.unity""]"	[]
Assets/AddressableAssetsData/AssetGroups/Scenes.asset	Scenes/Library_10	cd1bd516419ade948932d14ad730d22e	"[""Assets/Scenes/Hornet/Library_10.unity""]"	[]
Assets/AddressableAssetsData/AssetGroups/Scenes.asset	Scenes/Ant_19	cd2d17136a6922e44a221260564d4777	"[""Assets/Scenes/Hornet/Ant_19.unity""]"	[]
Assets/AddressableAssetsData/AssetGroups/Scenes.asset	Scenes/Bone_East_15	cd3a12b940fa831458431313f63f1723	"[""Assets/Scenes/Hornet/Bone_East_15.unity""]"	[]
Assets/AddressableAssetsData/AssetGroups/Scenes.asset	Scenes/Aqueduct_05	cd7fbbec63964fe4a9f5b3f4f9742ac0	"[""Assets/Scenes/Hornet/Aqueduct_05.unity""]"	[]
Assets/AddressableAssetsData/AssetGroups/Scenes.asset	Scenes/Library_01	ce033b5acf8fa2344975daac9832bb99	"[""Assets/Scenes/Hornet/Library_01.unity""]"	[]
Assets/AddressableAssetsData/AssetGroups/Scenes.asset	Scenes/Under_19c	ce07bca19e1a24e4cab560ac48a4136c	"[""Assets/Scenes/Hornet/Under_19c.unity""]"	[]
Assets/AddressableAssetsData/AssetGroups/Scenes.asset	Scenes/End_Game_Completion	ce70126e37174f54ab882e97fec299db	"[""Assets/Scenes/End_Game_Completion.unity""]"	[]
Assets/AddressableAssetsData/AssetGroups/Scenes.asset	Scenes/Coral_26	cea6079281f655d4cb1e2e529128f220	"[""Assets/Scenes/Hornet/Coral_26.unity""]"	[]
Assets/AddressableAssetsData/AssetGroups/Scenes.asset	Scenes/Mosstown_01	cf40fbaa952abdb4f80eaa70cff2716a	"[""Assets/Scenes/Hornet/Mosstown_01.unity""]"	[]
Assets/AddressableAssetsData/AssetGroups/Scenes.asset	Scenes/Dock_12	cfba82cd55559f742a11a0fca29335b7	"[""Assets/Scenes/Hornet/Dock_12.unity""]"	[]
Assets/AddressableAssetsData/AssetGroups/Scenes.asset	Scenes/Hang_07	cfcd16f41aaf764469625e101a8443e4	"[""Assets/Scenes/Hornet/Hang_07.unity""]"	[]
Assets/AddressableAssetsData/AssetGroups/Scenes.asset	Scenes/Arborium_Tube	cfde020e98b91c44fa3f64ab48184c32	"[""Assets/Scenes/Hornet/Arborium_Tube.unity""]"	[]
Assets/AddressableAssetsData/AssetGroups/Scenes.asset	Scenes/Peak_06b	d0d719e8676760e4ab6e81d994577165	"[""Assets/Scenes/Hornet/Peak_06b.unity""]"	[]
Assets/AddressableAssetsData/AssetGroups/Scenes.asset	Scenes/Peak_07	d25a0bb73acd294429bba27fa27b53b3	"[""Assets/Scenes/Hornet/Peak_07.unity""]"	[]
Assets/AddressableAssetsData/AssetGroups/Scenes.asset	Scenes/Shadow_02	d3224d890c73e144aaccf76d98255f0d	"[""Assets/Scenes/Hornet/Shadow_02.unity""]"	[]
Assets/AddressableAssetsData/AssetGroups/Scenes.asset	Scenes/Dock_02	d356c8ba07cd89b4fbe1258c0adb11c2	"[""Assets/Scenes/Hornet/Dock_02.unity""]"	[]
Assets/AddressableAssetsData/AssetGroups/Scenes.asset	Scenes/Demo Start	d3f4dd3af861e5349b8341439a781fd8	"[""Assets/Scenes/Hornet/Demo Start.unity""]"	[]
Assets/AddressableAssetsData/AssetGroups/Scenes.asset	Scenes/Under_22	d43505df3c1348948bc6834d446ac843	"[""Assets/Scenes/Hornet/Under_22.unity""]"	[]
Assets/AddressableAssetsData/AssetGroups/Scenes.asset	Scenes/Room_Pinstress	d4a2c88e7950a5a40bdc8234a417840c	"[""Assets/Scenes/Hornet/Room_Pinstress.unity""]"	[]
Assets/AddressableAssetsData/AssetGroups/Scenes.asset	Scenes/Bone_05	d50690dc7b636ae4689bfe5e68fcf93f	"[""Assets/Scenes/Hornet/Bone_05.unity""]"	[]
Assets/AddressableAssetsData/AssetGroups/Scenes.asset	Scenes/Under_18	d509e6c3c9800a748897e5b2c6fed4be	"[""Assets/Scenes/Hornet/Under_18.unity""]"	[]
Assets/AddressableAssetsData/AssetGroups/Scenes.asset	Scenes/Arborium_01	d536d8ec5078b2a409f623ce4622f1ea	"[""Assets/Scenes/Hornet/Arborium_01.unity""]"	[]
Assets/AddressableAssetsData/AssetGroups/Scenes.asset	Scenes/Room_CrowCourt_02	d548614f7ce87ca4ab8c169e4ae2534c	"[""Assets/Scenes/Hornet/Room_CrowCourt_02.unity""]"	[]
Assets/AddressableAssetsData/AssetGroups/Scenes.asset	Scenes/Aqueduct_03	d54c949ff7702524bac184ab3daf7b55	"[""Assets/Scenes/Hornet/Aqueduct_03.unity""]"	[]
Assets/AddressableAssetsData/AssetGroups/Scenes.asset	Scenes/Shellwood_11	d5574c49b9fbc474f9faca0670c629ef	"[""Assets/Scenes/Hornet/Shellwood_11.unity""]"	[]
Assets/AddressableAssetsData/AssetGroups/Scenes.asset	Scenes/Slab_13	d5e018f576bc3d746a576ef354470367	"[""Assets/Scenes/Hornet/Slab_13.unity""]"	[]
Assets/AddressableAssetsData/AssetGroups/Scenes.asset	Scenes/Coral_03	d6204f3fde00a31448e160f37df351b8	"[""Assets/Scenes/Hornet/Coral_03.unity""]"	[]
Assets/AddressableAssetsData/AssetGroups/Scenes.asset	Scenes/Shadow_21	d71efba0602220f47bdbfe2907c4fd1e	"[""Assets/Scenes/Hornet/Shadow_21.unity""]"	[]
Assets/AddressableAssetsData/AssetGroups/Scenes.asset	Scenes/Bellshrine_Coral	d8c7247f09c04384ba31398cc10e0930	"[""Assets/Scenes/Hornet/Bellshrine_Coral.unity""]"	[]
Assets/AddressableAssetsData/AssetGroups/Scenes.asset	Scenes/Cradle_Destroyed_Challenge_01	d909fafd46be3884c80765e1758de418	"[""Assets/Scenes/Hornet/Cradle_Destroyed_Challenge_01.unity""]"	[]
Assets/AddressableAssetsData/AssetGroups/Scenes.asset	Scenes/Ward_05	d9e92a813c4577546a72c3623643d460	"[""Assets/Scenes/Hornet/Ward_05.unity""]"	[]
Assets/AddressableAssetsData/AssetGroups/Scenes.asset	Scenes/Peak_12	d9f582ec51121fd4f8ed13407fa4808f	"[""Assets/Scenes/Hornet/Peak_12.unity""]"	[]
Assets/AddressableAssetsData/AssetGroups/Scenes.asset	Scenes/Bone_East_21	da22a90d7459c824bbfc453e2e4fde91	"[""Assets/Scenes/Hornet/Bone_East_21.unity""]"	[]
Assets/AddressableAssetsData/AssetGroups/Scenes.asset	Scenes/Aqueduct_05_caravan	da972b9268c38b44c93be8b4d16e9286	"[""Assets/Scenes/Hornet/Aqueduct_05_caravan.unity""]"	[]
Assets/AddressableAssetsData/AssetGroups/Scenes.asset	Scenes/Bellway_04_boss	dad5df5bae6c21b43a3c2916cff72d7c	"[""Assets/Scenes/Hornet/Bellway_04_boss.unity""]"	[]
Assets/AddressableAssetsData/AssetGroups/Scenes.asset	Scenes/Greymoor_08	db369ea9d526e4e4894ec5be903bfb60	"[""Assets/Scenes/Hornet/Greymoor_08.unity""]"	[]
Assets/AddressableAssetsData/AssetGroups/Scenes.asset	Scenes/Cradle_Destroyed_Challenge_02	dbdfcb555b74c374cac732c580874e73	"[""Assets/Scenes/Hornet/Cradle_Destroyed_Challenge_02.unity""]"	[]
Assets/AddressableAssetsData/AssetGroups/Scenes.asset	Scenes/Song_24	dbee19e84714cdc40b808dbdfe53ac51	"[""Assets/Scenes/Hornet/Song_24.unity""]"	[]
Assets/AddressableAssetsData/AssetGroups/Scenes.asset	Scenes/Bellshrine_05	dbf8f457d0544724c898156ab23b03fa	"[""Assets/Scenes/Hornet/Bellshrine_05.unity""]"	[]
Assets/AddressableAssetsData/AssetGroups/Scenes.asset	Scenes/Clover_03	dcc54b98dfd4f1f4b98848884b6f2fec	"[""Assets/Scenes/Hornet/Clover_03.unity""]"	[]
Assets/AddressableAssetsData/AssetGroups/Scenes.asset	Scenes/Song_07	dd331608a113d9247a2663b8b6d7d2ae	"[""Assets/Scenes/Hornet/Song_07.unity""]"	[]
Assets/AddressableAssetsData/AssetGroups/Scenes.asset	Scenes/Shadow_24	dd5f2b23970ad4a40a98d76a613e1caf	"[""Assets/Scenes/Hornet/Shadow_24.unity""]"	[]
Assets/AddressableAssetsData/AssetGroups/Scenes.asset	Scenes/Bone_East_07	de10d93b2e2394b48ab4d31f000f9c29	"[""Assets/Scenes/Hornet/Bone_East_07.unity""]"	[]
Assets/AddressableAssetsData/AssetGroups/Scenes.asset	Scenes/Abyss_06	de2e05d168771304d8795cb534105084	"[""Assets/Scenes/Hornet/Abyss_06.unity""]"	[]
Assets/AddressableAssetsData/AssetGroups/Scenes.asset	Scenes/Song_01b	de4551893805a9240999779188c18456	"[""Assets/Scenes/Hornet/Song_01b.unity""]"	[]
Assets/AddressableAssetsData/AssetGroups/Scenes.asset	Scenes/Aspid_01	de4a25da46d1b7a42a74cba711a6ef62	"[""Assets/Scenes/Hornet/Aspid_01.unity""]"	[]
Assets/AddressableAssetsData/AssetGroups/Scenes.asset	Scenes/Shellwood_14	de7c5ebc0673abc42b365a85abc5ef93	"[""Assets/Scenes/Hornet/Shellwood_14.unity""]"	[]
Assets/AddressableAssetsData/AssetGroups/Scenes.asset	Scenes/Bellshrine_Lore_Additive	decad7fff3698374ba2286ba67646e0c	"[""Assets/Scenes/Hornet/Bellshrine_Lore_Additive.unity""]"	[]
Assets/AddressableAssetsData/AssetGroups/Scenes.asset	Scenes/Cinematic_Ending_B	def0c7b9098b92246af6ad7aa8464f42	"[""Assets/Scenes/Cinematic_Ending_B.unity""]"	[]
Assets/AddressableAssetsData/AssetGroups/Scenes.asset	Scenes/Library_09	df3a888e00e0e864f91544e81e7d77ae	"[""Assets/Scenes/Hornet/Library_09.unity""]"	[]
Assets/AddressableAssetsData/AssetGroups/Scenes.asset	Scenes/Bellway_City	df86fa979f42ec94a8960eab6994abab	"[""Assets/Scenes/Hornet/Bellway_City.unity""]"	[]
Assets/AddressableAssetsData/AssetGroups/Scenes.asset	Scenes/Bellway_01	dfd9600d2361b06439dab508f7fadacb	"[""Assets/Scenes/Hornet/Bellway_01.unity""]"	[]
Assets/AddressableAssetsData/AssetGroups/Scenes.asset	Scenes/Bone_East_04c	e08bf24a18a05144ca79dac3dd9f47b3	"[""Assets/Scenes/Hornet/Bone_East_04c.unity""]"	[]
Assets/AddressableAssetsData/AssetGroups/Scenes.asset	Scenes/Cinematic_Ending_E	e0a71ccebda10194ebd9fff674a236cd	"[""Assets/Scenes/Cinematic_Ending_E.unity""]"	[]
Assets/AddressableAssetsData/AssetGroups/Scenes.asset	Scenes/Tut_04	e0b2ce69c26810e418e75535c2349808	"[""Assets/Scenes/Hornet/Tut_04.unity""]"	[]
Assets/AddressableAssetsData/AssetGroups/Scenes.asset	Scenes/Coral_19	e1b379ac1e2832e4cbc10ca014b9084a	"[""Assets/Scenes/Hornet/Coral_19.unity""]"	[]
Assets/AddressableAssetsData/AssetGroups/Scenes.asset	Scenes/Ward_03	e1bf80e2b835da24ab95b966a55e17b0	"[""Assets/Scenes/Hornet/Ward_03.unity""]"	[]
Assets/AddressableAssetsData/AssetGroups/Scenes.asset	Scenes/Coral_38	e1fe63813f265d3409fb22fe37fa6ac2	"[""Assets/Scenes/Hornet/Coral_38.unity""]"	[]
Assets/AddressableAssetsData/AssetGroups/Scenes.asset	Scenes/Abyss_Cocoon	e26f51053044bfd459219a2b808021aa	"[""Assets/Scenes/Hornet/Abyss_Cocoon.unity""]"	[]
Assets/AddressableAssetsData/AssetGroups/Scenes.asset	Scenes/Shadow_04	e2d6e25d09e742349a7960ba42991258	"[""Assets/Scenes/Hornet/Shadow_04.unity""]"	[]
Assets/AddressableAssetsData/AssetGroups/Scenes.asset	Scenes/Library_12b	e3d18cc70fb4f0a4c860465d42a78b15	"[""Assets/Scenes/Hornet/Library_12b.unity""]"	[]
Assets/AddressableAssetsData/AssetGroups/Scenes.asset	Scenes/Under_12	e44bc9e6d29134941aab967d32bbb63e	"[""Assets/Scenes/Hornet/Under_12.unity""]"	[]
Assets/AddressableAssetsData/AssetGroups/Scenes.asset	Scenes/Library_02	e44e0f97e39b6ff488ec3a9ddbb11837	"[""Assets/Scenes/Hornet/Library_02.unity""]"	[]
Assets/AddressableAssetsData/AssetGroups/Scenes.asset	Scenes/Aqueduct_08	e46fd943e3af4cd4a81179d41b7b26a6	"[""Assets/Scenes/Hornet/Aqueduct_08.unity""]"	[]
Assets/AddressableAssetsData/AssetGroups/Scenes.asset	Scenes/Abyss_09	e514faf27ca4a7a4fbc2f6e175fdf479	"[""Assets/Scenes/Hornet/Abyss_09.unity""]"	[]
Assets/AddressableAssetsData/AssetGroups/Scenes.asset	Scenes/Clover_11	e5281d074c78884448faccd0b0eb067c	"[""Assets/Scenes/Hornet/Clover_11.unity""]"	[]
Assets/AddressableAssetsData/AssetGroups/Scenes.asset	Scenes/Library_05	e55ae64601bbe9c468e3df7b9649540e	"[""Assets/Scenes/Hornet/Library_05.unity""]"	[]
Assets/AddressableAssetsData/AssetGroups/Scenes.asset	Scenes/Shellgrave	e596c0e3c28d59e4a95c5bc541bc50d5	"[""Assets/Scenes/Hornet/Shellgrave.unity""]"	[]
Assets/AddressableAssetsData/AssetGroups/Scenes.asset	Scenes/Greymoor_15	e6402c3426c75924d930253e13e23835	"[""Assets/Scenes/Hornet/Greymoor_15.unity""]"	[]
Assets/AddressableAssetsData/AssetGroups/Scenes.asset	Scenes/Shadow_25	e695ec79b9dd59547ae4c88a063b5c36	"[""Assets/Scenes/Hornet/Shadow_25.unity""]"	[]
Assets/AddressableAssetsData/AssetGroups/Scenes.asset	Scenes/Bone_17	e6ec0b6131c438f46811d1f39e5bf436	"[""Assets/Scenes/Hornet/Bone_17.unity""]"	[]
Assets/AddressableAssetsData/AssetGroups/Scenes.asset	Scenes/Under_17	e72222087c5679548bd19f7e5e2bccab	"[""Assets/Scenes/Hornet/Under_17.unity""]"	[]
Assets/AddressableAssetsData/AssetGroups/Scenes.asset	Scenes/Clover_19	e73cb2fd2b25d9c4ab47a21ed204307b	"[""Assets/Scenes/Hornet/Clover_19.unity""]"	[]
Assets/AddressableAssetsData/AssetGroups/Scenes.asset	Scenes/Under_07b	e7c3fb578e3b8b64d905ba5669d5b7b1	"[""Assets/Scenes/Hornet/Under_07b.unity""]"	[]
Assets/AddressableAssetsData/AssetGroups/Scenes.asset	Scenes/Arborium_11	e7c81cce0bc98a74290ae00b42f98210	"[""Assets/Scenes/Hornet/Arborium_11.unity""]"	[]
Assets/AddressableAssetsData/AssetGroups/Scenes.asset	Scenes/Coral_37	e8a3e1b8ebf0eab46aeebce015a7a905	"[""Assets/Scenes/Hornet/Coral_37.unity""]"	[]
Assets/AddressableAssetsData/AssetGroups/Scenes.asset	Scenes/Hang_10	e918dd0d8448f8d4ea95d072e8f06191	"[""Assets/Scenes/Hornet/Hang_10.unity""]"	[]
Assets/AddressableAssetsData/AssetGroups/Scenes.asset	Scenes/Halfway_01	e92cf2e0f65b95e4dbc612891f3c9d3c	"[""Assets/Scenes/Hornet/Halfway_01.unity""]"	[]
Assets/AddressableAssetsData/AssetGroups/Scenes.asset	Scenes/Abyss_13	e9389121e14f10d479d26b541b0df702	"[""Assets/Scenes/Hornet/Abyss_13.unity""]"	[]
Assets/AddressableAssetsData/AssetGroups/Scenes.asset	Scenes/Bone_East_08_boss_golem_rest	e9b25329aab054242a6efdd68a121c4e	"[""Assets/Scenes/Hornet/Bone_East_08_boss_golem_rest.unity""]"	[]
Assets/AddressableAssetsData/AssetGroups/Scenes.asset	Scenes/Under_02	eaa0a8a4d1acedc44a92a6fb836425f6	"[""Assets/Scenes/Hornet/Under_02.unity""]"	[]
Assets/AddressableAssetsData/AssetGroups/Scenes.asset	Scenes/Abyss_02b	eb34adf03d7a5b242a7b13ded3248274	"[""Assets/Scenes/Hornet/Abyss_02b.unity""]"	[]
Assets/AddressableAssetsData/AssetGroups/Scenes.asset	Scenes/Under_03d	ec1c288809ce5734c9b7b5413ee5edc0	"[""Assets/Scenes/Hornet/Under_03d.unity""]"	[]
Assets/AddressableAssetsData/AssetGroups/Scenes.asset	Scenes/Shadow_23	ed5239aa4a2f6ab4dbf3571c3281dcf8	"[""Assets/Scenes/Hornet/Shadow_23.unity""]"	[]
Assets/AddressableAssetsData/AssetGroups/Scenes.asset	Scenes/Ward_01	edbfeb9993079a44791018b1c7e4f73a	"[""Assets/Scenes/Hornet/Ward_01.unity""]"	[]
Assets/AddressableAssetsData/AssetGroups/Scenes.asset	Scenes/Coral_Tower_01	edfadc4f986a58045a92ae8da731161c	"[""Assets/Scenes/Hornet/Coral_Tower_01.unity""]"	[]
Assets/AddressableAssetsData/AssetGroups/Scenes.asset	Scenes/Bone_05b	ee4f9636b8884934d81bcbf0616e8dd9	"[""Assets/Scenes/Hornet/Bone_05b.unity""]"	[]
Assets/AddressableAssetsData/AssetGroups/Scenes.asset	Scenes/Under_23	ef41bf4c1b6b7034c8e2fc9cda412b52	"[""Assets/Scenes/Hornet/Under_23.unity""]"	[]
Assets/AddressableAssetsData/AssetGroups/Scenes.asset	Scenes/Aqueduct_05_festival	ef4faeadfd5088d49b7b490e0170d3ad	"[""Assets/Scenes/Hornet/Aqueduct_05_festival.unity""]"	[]
Assets/AddressableAssetsData/AssetGroups/Scenes.asset	Scenes/Belltown_basement_03	efb7bb702b79daa4488d524d47cf294b	"[""Assets/Scenes/Hornet/Belltown_basement_03.unity""]"	[]
Assets/AddressableAssetsData/AssetGroups/Scenes.asset	Scenes/Dock_08	efc297521bb163d4598077b0a586130d	"[""Assets/Scenes/Hornet/Dock_08.unity""]"	[]
Assets/AddressableAssetsData/AssetGroups/Scenes.asset	Scenes/Clover_20	f04ee5e8e5ba3114db9c00951720ec2b	"[""Assets/Scenes/Hornet/Clover_20.unity""]"	[]
Assets/AddressableAssetsData/AssetGroups/Scenes.asset	Scenes/Room_Diving_Bell	f10efaaf87105384abcfcefc22ded5b3	"[""Assets/Scenes/Hornet/Room_Diving_Bell.unity""]"	[]
Assets/AddressableAssetsData/AssetGroups/Scenes.asset	Scenes/Tut_02	f14ceb792ada3074b8e9eba243ad9328	"[""Assets/Scenes/Hornet/Tut_02.unity""]"	[]
Assets/AddressableAssetsData/AssetGroups/Scenes.asset	Scenes/Coral_34	f1da496ac02abb14c90d3b957bd8b235	"[""Assets/Scenes/Hornet/Coral_34.unity""]"	[]
Assets/AddressableAssetsData/AssetGroups/Scenes.asset	Scenes/Dust_Barb	f20e029154c83454a9053db467c34dd6	"[""Assets/Scenes/Hornet/Dust_Barb.unity""]"	[]
Assets/AddressableAssetsData/AssetGroups/Scenes.asset	Scenes/Peak_05c	f2995357d87c0424e85e551a9bfebfaf	"[""Assets/Scenes/Hornet/Peak_05c.unity""]"	[]
Assets/AddressableAssetsData/AssetGroups/Scenes.asset	Scenes/Bone_East_10_Church	f3c15777afd2c5b43b1e97c23c49a991	"[""Assets/Scenes/Hornet/Bone_East_10_Church.unity""]"	[]
Assets/AddressableAssetsData/AssetGroups/Scenes.asset	Scenes/Bellway_01_boss	f45f54ef8a9b7cd44969dfc6acf6a897	"[""Assets/Scenes/Hornet/Bellway_01_boss.unity""]"	[]
Assets/AddressableAssetsData/AssetGroups/Scenes.asset	Scenes/Bellway_04	f4aef6bd1194e4b4a9a7a4fe3af6b65b	"[""Assets/Scenes/Hornet/Bellway_04.unity""]"	[]
Assets/AddressableAssetsData/AssetGroups/Scenes.asset	Scenes/Greymoor_01	f4c17432814439c4e977d7e5475775e1	"[""Assets/Scenes/Hornet/Greymoor_01.unity""]"	[]
Assets/AddressableAssetsData/AssetGroups/Scenes.asset	Scenes/Room_Huntress	f4eb05a4eabaa4c4c87fbe87d217feaf	"[""Assets/Scenes/Hornet/Room_Huntress.unity""]"	[]
Assets/AddressableAssetsData/AssetGroups/Scenes.asset	Scenes/Coral_29	f52506dc7b5e43245a08a7aa2995752b	"[""Assets/Scenes/Hornet/Coral_29.unity""]"	[]
Assets/AddressableAssetsData/AssetGroups/Scenes.asset	Scenes/Shellwood_22	f5315b6b86673f742b1a6d879da22261	"[""Assets/Scenes/Hornet/Shellwood_22.unity""]"	[]
Assets/AddressableAssetsData/AssetGroups/Scenes.asset	Scenes/Slab_16	f58d8549eb91f1f48aec2dd592b26265	"[""Assets/Scenes/Hornet/Slab_16.unity""]"	[]
Assets/AddressableAssetsData/AssetGroups/Scenes.asset	Scenes/Bone_01c	f5d75a511eaed14428d373beddd794c9	"[""Assets/Scenes/Hornet/Bone_01c.unity""]"	[]
Assets/AddressableAssetsData/AssetGroups/Scenes.asset	Scenes/Hang_13	f68bf967ac576b840a3b42507a787b23	"[""Assets/Scenes/Hornet/Hang_13.unity""]"	[]
Assets/AddressableAssetsData/AssetGroups/Scenes.asset	Scenes/Crawl_07	f74b0ca97ebf2d244925886127809786	"[""Assets/Scenes/Hornet/Crawl_07.unity""]"	[]
Assets/AddressableAssetsData/AssetGroups/Scenes.asset	Scenes/Bone_East_08_boss_golem	f836d6a2a0cd81441b3922901da10b05	"[""Assets/Scenes/Hornet/Bone_East_08_boss_golem.unity""]"	[]
Assets/AddressableAssetsData/AssetGroups/Scenes.asset	Scenes/Cradle_Destroyed_Challenge_Bench	f8b2b841c07da3347b34de6480400fc2	"[""Assets/Scenes/Hornet/Cradle_Destroyed_Challenge_Bench.unity""]"	[]
Assets/AddressableAssetsData/AssetGroups/Scenes.asset	Scenes/Abyss_05	f8d6c7568a6d0784289ba611810b07bc	"[""Assets/Scenes/Hornet/Abyss_05.unity""]"	[]
Assets/AddressableAssetsData/AssetGroups/Scenes.asset	Scenes/Library_07	f9517483268aad243807e29cefd02a40	"[""Assets/Scenes/Hornet/Library_07.unity""]"	[]
Assets/AddressableAssetsData/AssetGroups/Scenes.asset	Scenes/Slab_01	f954b7fd92a59f84e90ebec6a996227a	"[""Assets/Scenes/Hornet/Slab_01.unity""]"	[]
Assets/AddressableAssetsData/AssetGroups/Scenes.asset	Scenes/Wisp_09	f96b18ab91c215a4cb3dec8bfbdbe506	"[""Assets/Scenes/Hornet/Wisp_09.unity""]"	[]
Assets/AddressableAssetsData/AssetGroups/Scenes.asset	Scenes/Hang_03	f9ed0d7b42f2daa4cbdac602242151a0	"[""Assets/Scenes/Hornet/Hang_03.unity""]"	[]
Assets/AddressableAssetsData/AssetGroups/Scenes.asset	Scenes/Greymoor_15b	fa671673eaf5d47419fc6c772b2f4f25	"[""Assets/Scenes/Hornet/Greymoor_15b.unity""]"	[]
Assets/AddressableAssetsData/AssetGroups/Scenes.asset	Scenes/Abyss_03	faf129021125d1f418c336093467788c	"[""Assets/Scenes/Hornet/Abyss_03.unity""]"	[]
Assets/AddressableAssetsData/AssetGroups/Scenes.asset	Scenes/Bone_East_05	fb0858acfa272ca4db37616bfb293efc	"[""Assets/Scenes/Hornet/Bone_East_05.unity""]"	[]
Assets/AddressableAssetsData/AssetGroups/Scenes.asset	Scenes/Ward_09	fb1037706dbf67440a3543b4b54725d0	"[""Assets/Scenes/Hornet/Ward_09.unity""]"	[]
Assets/AddressableAssetsData/AssetGroups/Scenes.asset	Scenes/Arborium_07	fb13052494e832f4686bf97322e2eca8	"[""Assets/Scenes/Hornet/Arborium_07.unity""]"	[]
Assets/AddressableAssetsData/AssetGroups/Scenes.asset	Scenes/Coral_33	fb407a4d9331a9c4fbde2a2395a48f51	"[""Assets/Scenes/Hornet/Coral_33.unity""]"	[]
Assets/AddressableAssetsData/AssetGroups/Scenes.asset	Scenes/Arborium_10	fbede6442d7cff742aff6971ba164f59	"[""Assets/Scenes/Hornet/Arborium_10.unity""]"	[]
Assets/AddressableAssetsData/AssetGroups/Scenes.asset	Scenes/Clover_18	fd48927f01bb5494bb551ebf4abb39bd	"[""Assets/Scenes/Hornet/Clover_18.unity""]"	[]
Assets/AddressableAssetsData/AssetGroups/Scenes.asset	Scenes/Song_18	fd9a871b73be7034a87be1bf8adb5d17	"[""Assets/Scenes/Hornet/Song_18.unity""]"	[]
Assets/AddressableAssetsData/AssetGroups/Scenes.asset	Scenes/Ward_06	fda2c6b7357be624ebc1093d3c76e581	"[""Assets/Scenes/Hornet/Ward_06.unity""]"	[]
Assets/AddressableAssetsData/AssetGroups/Scenes.asset	Scenes/Coral_44	fe6fb73dc5c9c444691d0edc817e9afd	"[""Assets/Scenes/Hornet/Coral_44.unity""]"	[]
Assets/AddressableAssetsData/AssetGroups/Scenes.asset	Scenes/Memory_Coral_Tower	fe9252beb8a37514a9af70fd4808c9ff	"[""Assets/Scenes/Hornet/Memory_Coral_Tower.unity""]"	[]
Assets/AddressableAssetsData/AssetGroups/Scenes.asset	Scenes/Shadow_27	fef0b0967a7327b4fa5fb974960c1e1e	"[""Assets/Scenes/Hornet/Shadow_27.unity""]"	[]
Assets/AddressableAssetsData/AssetGroups/Scenes.asset	Scenes/Arborium_08	fef2d684538c7f74c80b004ec0e36266	"[""Assets/Scenes/Hornet/Arborium_08.unity""]"	[]
Assets/AddressableAssetsData/AssetGroups/StartupCore.asset	_GameCameras	362eac96b81545c4ab206f1ae3d530ab	"[""Assets/Prefabs/Camera/_GameCameras.prefab""]"	[]
Assets/AddressableAssetsData/AssetGroups/StartupCore.asset	Language Selector	41153469354ede74c835850fdc8f53dc	"[""Assets/Prefabs/UI/Pre Menu/Language Selector.prefab""]"	[]
Assets/AddressableAssetsData/AssetGroups/StartupCore.asset	Hero_Hornet	41acb66e2e431c44ab8b638ce897d292	"[""Assets/Prefabs/Heroes/Hero_Hornet.prefab""]"	[]
Assets/AddressableAssetsData/AssetGroups/StartupCore.asset	GlobalPool	95392fbd137298b4ebc4f04b95977bc8	"[""Assets/Prefabs/Managers/GlobalPool.prefab""]"	[]
Assets/AddressableAssetsData/AssetGroups/StartupCore.asset	_UIManager	b9f2afb9886920443a3230fdf43291c7	"[""Assets/Prefabs/UI/_UIManager.prefab""]"	[]
Assets/AddressableAssetsData/AssetGroups/StartupCore.asset	_GameManager	d77b0e47e9b319e4c8444ed984d195e0	"[""Assets/Prefabs/Managers/_GameManager.prefab""]"	[]
Assets/AddressableAssetsData/AssetGroups/StartupData.asset	GlobalSettings/Global Camera Settings.asset	0477d11f1392c1644817953591955253	"[""Assets/Data Assets/GlobalSettings/Global Camera Settings.asset""]"	[]
Assets/AddressableAssetsData/AssetGroups/StartupData.asset	GlobalSettings/Global Demo Settings.asset	11b6f6c3c282a44439b0069c7c1ec4b8	"[""Assets/Data Assets/GlobalSettings/Global Demo Settings.asset""]"	[]
Assets/AddressableAssetsData/AssetGroups/StartupData.asset	ReferencesData	1fbdd8593d4e17849955726c2f4a116e	"[""Assets/Data Assets/ReferencesData.asset""]"	[]
Assets/AddressableAssetsData/AssetGroups/StartupData.asset	GlobalSettings/Global Effects Settings.asset	2dc25e3703050cd4ea509e0bb80b9a4b	"[""Assets/Data Assets/GlobalSettings/Global Effects Settings.asset""]"	[]
Assets/AddressableAssetsData/AssetGroups/StartupData.asset	GlobalSettings/Global Audio Settings.asset	4c4c595322b493945b0598c77dc23af0	"[""Assets/Data Assets/GlobalSettings/Global Audio Settings.asset""]"	[]
Assets/AddressableAssetsData/AssetGroups/StartupData.asset	GlobalSettings/Global Corpse Settings.asset	51f0eae15cec8534ba0f8a3335b51d57	"[""Assets/Data Assets/GlobalSettings/Global Corpse Settings.asset""]"	[]
Assets/AddressableAssetsData/AssetGroups/StartupData.asset	GlobalSettings/Global Gameplay Settings.asset	a2e251b466c28bc4e92061ffd43a520c	"[""Assets/Data Assets/GlobalSettings/Global Gameplay Settings.asset""]"	[]
Assets/AddressableAssetsData/AssetGroups/StartupData.asset	GlobalSettings/Global UI Settings.asset	e80055f2a79eb8242943cbc3536c9dff	"[""Assets/Data Assets/GlobalSettings/Global UI Settings.asset""]"	[]
Assets/AddressableAssetsData/AssetGroups/StartupData.asset	Audio/SFX/npc/cylinder_music_box_citadel_halls.ogg	69b29e54948ea3d498ab10ab27729388	"[""Assets/Audio/SFX/npc/cylinder_music_box_citadel_halls.ogg""]"	[]
Assets/AddressableAssetsData/AssetGroups/StartupData.asset	Audio/SFX/npc/cylinder_surgery.ogg	a92629de3bae65447b89a8a4112d4564	"[""Assets/Audio/SFX/npc/cylinder_surgery.ogg""]"	[]
Assets/AddressableAssetsData/AssetGroups/StartupData.asset	Audio/SFX/npc/cylinder_music_box_hang.ogg	b2b6f957dd131ff4f8af3d82553a43c1	"[""Assets/Audio/SFX/npc/cylinder_music_box_hang.ogg""]"	[]
Assets/AddressableAssetsData/AssetGroups/StartupData.asset	Audio/SFX/Needolin/melody_b_needolin_loop.ogg	b853f98c267e46749b2d345e7814fcd0	"[""Assets/Audio/SFX/Needolin/melody_b_needolin_loop.ogg""]"	[]
Assets/AddressableAssetsData/AssetGroups/StartupData.asset	Audio/SFX/Needolin/melody_b_musicbox_gramaphone.ogg	bc7798f6e4369684991f248b9f6d16d5	"[""Assets/Audio/SFX/Needolin/melody_b_musicbox_gramaphone.ogg""]"	[]
Assets/AddressableAssetsData/AssetGroups/StartupData.asset	Audio/SFX/npc/cylinder_hearing.ogg	bff46d6aae72aa2408e629a7688ef332	"[""Assets/Audio/SFX/npc/cylinder_hearing.ogg""]"	[]
Assets/AddressableAssetsData/AssetGroups/StartupData.asset	Audio/SFX/npc/cylinder_singing.ogg	430f63b24984bcf4aa3cfc7749f4d0c0	"[""Assets/Audio/SFX/npc/cylinder_singing.ogg""]"	[]
Assets/AddressableAssetsData/AssetGroups/StartupScenes.asset	Scenes/Menu_Title	a557fe406081f664183d1b1fec24fbaf	"[""Assets/Scenes/Menu_Title.unity""]"	[]
Assets/AddressableAssetsData/AssetGroups/StartupScenes.asset	Scenes/Pre_Menu_Intro	ba7fc25404ea95046b201b023e545121	"[""Assets/Scenes/Pre_Menu_Intro.unity""]"	[]
