source	line	target_guid	target_paths
Assets/Scenes/Pre_Menu_Intro.unity	1540	41153469354ede74c835850fdc8f53dc	"[""Assets/Prefabs/UI/Pre Menu/Language Selector.prefab""]"
Assets/Resources/LocalizationProjectSettings.asset	47	4a2aa5cc0fc7a554daf7a4fbe608a708	[]
Assets/Data Assets/Collectables/Relics/Psalm Cylinder Hang.asset	19	b2b6f957dd131ff4f8af3d82553a43c1	"[""Assets/Audio/SFX/npc/cylinder_music_box_hang.ogg""]"
Assets/Data Assets/Collectables/Relics/Psalm Cylinder Ward.asset	19	69b29e54948ea3d498ab10ab27729388	"[""Assets/Audio/SFX/npc/cylinder_music_box_citadel_halls.ogg""]"
Assets/Data Assets/Collectables/Relics/Librarian Melody Cylinder.asset	19	bc7798f6e4369684991f248b9f6d16d5	"[""Assets/Audio/SFX/Needolin/melody_b_musicbox_gramaphone.ogg""]"
Assets/Data Assets/Collectables/Relics/Librarian Melody Cylinder.asset	23	b853f98c267e46749b2d345e7814fcd0	"[""Assets/Audio/SFX/Needolin/melody_b_needolin_loop.ogg""]"
Assets/Data Assets/Collectables/Relics/Psalm Cylinder Library Roof.asset	19	a92629de3bae65447b89a8a4112d4564	"[""Assets/Audio/SFX/npc/cylinder_surgery.ogg""]"
Assets/Data Assets/Collectables/Relics/Psalm Cylinder Librarian.asset	19	bff46d6aae72aa2408e629a7688ef332	"[""Assets/Audio/SFX/npc/cylinder_hearing.ogg""]"
Assets/Data Assets/Collectables/Relics/Psalm Cylinder Grindle.asset	19	430f63b24984bcf4aa3cfc7749f4d0c0	"[""Assets/Audio/SFX/npc/cylinder_singing.ogg""]"
